year,annual_growth,code
2006,1.127411464,AW
2006,5.357403247,AF
2006,11.55,AO
2006,6.01898124,AL
2006,4.808688699,AD
2006,9.837319769,AE
2006,8.0471515,AR
2006,13.2,AM
2006,-4.098360656,AS
2006,12.70814749,AG
2006,2.755346106,AU
2006,3.269336015,AT
2006,34.46620936,AZ
2006,5.413807145,BI
2006,2.552340873,BE
2006,3.943738828,BJ
2006,6.253164688,BF
2006,6.671904986,BD
2006,6.802588987,BG
2006,6.46699952,BH
2006,5.414003571,BA
2006,9.999994718,BY
2006,4.511447376,BZ
2006,5.54386638,BM
2006,4.797008824,BO
2006,3.961988711,BR
2006,6.070546217,BB
2006,5.640805154,BT
2006,8.363871093,BW
2006,4.77108543,CF
2006,2.63794375,CA
2006,4.073628418,CH
2006,6.049990826,CL
2006,12.67467517,CN
2006,2.815578593,CI
2006,3.809583276,CM
2006,6.716868698,CO
2006,7.326695433,CR
2006,12.06586311,CU
2006,1.63593469,CW
2006,,KY
2006,4.713783586,CY
2006,6.623172992,CZ
2006,3.855736146,DE
2006,,DJ
2006,4.400774798,DM
2006,3.816487699,DK
2006,9.17120651,DO
2006,2.899999999,DZ
2006,4.341131986,EC
2006,-0.969217111,ER
2006,4.043435156,ES
2006,9.762571312,EE
2006,10.83472707,ET
2006,4.019573265,FI
2006,1.852483872,FJ
2006,2.714064488,FR
2006,,FO
2006,-2.806578356,GA
2006,2.380694035,GB
2006,9.421480812,GE
2006,6.399912606,GH
2006,,GI
2006,1.189602117,GN
2006,2.666504933,GW
2006,7.704917607,GQ
2006,6.443397625,GR
2006,-3.995328244,GD
2006,5.555694901,GL
2006,5.351397787,GT
2006,-3.652517275,GU
2006,5.129609348,GY
2006,6.567243552,HN
2006,5.081465904,HR
2006,1.768750603,HT
2006,3.933931627,HU
2006,5.500951785,ID
2006,8.060732572,IN
2006,4.987854805,IE
2006,5.638299152,IQ
2006,6.316993022,IS
2006,5.601626982,IL
2006,1.799479922,IT
2006,2.89912535,JM
2006,8.092975278,JO
2006,1.372350128,JP
2006,10.7,KZ
2006,6.4724943,KE
2006,3.102898742,KG
2006,10.94336007,KH
2006,5.776934498,KI
2006,3.1503812,KN
2006,7.514773,KW
2006,1.549515001,LB
2006,8.043909972,LR
2006,6.50052542,LY
2006,6.195257291,LC
2006,8.644968573,LI
2006,7.668291901,LK
2006,4.230095228,LS
2006,7.395481225,LT
2006,6.016715401,LU
2006,12.82501785,LV
2006,7.79082001,MA
2006,5.817648497,MC
2006,4.799999837,MD
2006,5.398508449,MG
2006,23.6302721,MV
2006,4.805013517,MX
2006,0.175953079,MH
2006,5.137025162,MK
2006,6.654261122,ML
2006,2.336122734,MT
2006,13.07610138,MM
2006,8.56641803,ME
2006,8.556234817,MN
2006,-6.871463217,MP
2006,9.910677568,MZ
2006,18.33319869,MR
2006,4.865544608,MU
2006,4.699999764,MW
2006,5.584847067,MY
2006,7.073175318,NA
2006,,NC
2006,5.931049974,NE
2006,6.059428032,NG
2006,4.152945598,NI
2006,3.537375097,NL
2006,2.461473116,NO
2006,3.364614781,NP
2006,8.328760806,NR
2006,2.779780591,NZ
2006,4.669814819,OM
2006,6.051637676,PK
2006,9.857238706,PA
2006,7.528899044,PE
2006,5.316416821,PH
2006,5.409944091,PG
2006,6.202107109,PL
2006,1.625035321,PT
2006,4.807117193,PY
2006,0.889584118,PF
2006,26.17024567,QA
2006,8.028811076,RO
2006,8.200068255,RU
2006,9.227075768,RW
2006,3.313484736,SA
2006,6.531411747,SD
2006,2.330770983,SN
2006,9.006766079,SG
2006,4.138280318,SB
2006,4.2831105,SL
2006,4.336998603,SV
2006,3.830083565,SM
2006,6.486370733,SO
2006,3.900663855,RS
2006,,SS
2006,8.866109359,ST
2006,5.793543585,SR
2006,8.925687048,SK
2006,5.9087813,SI
2006,4.675998703,SE
2006,5.992166937,SZ
2006,9.406128557,SC
2006,,TC
2006,-0.521522265,TD
2006,2.650132099,TG
2006,4.967810892,TH
2006,7.000003211,TJ
2006,10.97330833,TM
2006,-4.116092689,TL
2006,-2.165663427,TO
2006,13.20805861,TT
2006,5.244099832,TN
2006,2.43902439,TV
2006,6.532221388,TZ
2006,10.78474439,UG
2006,7.571420763,UA
2006,4.098577354,UY
2006,2.784539638,US
2006,7.451418476,UZ
2006,6.996926268,VC
2006,,VG
2006,8.460697472,VU
2006,2.132127147,WS
2006,,XK
2006,5.603806459,ZA
2006,7.903694445,ZM
2006,-3.461495188,ZW
2007,3.089544385,AW
2007,13.82631955,AF
2007,14.01000001,AO
2007,6.500092612,AL
2007,1.553188141,AD
2007,3.184390173,AE
2007,9.007650875,AR
2007,13.7,AM
2007,1.851851852,AS
2007,9.315182723,AG
2007,3.773321713,AU
2007,3.775224687,AT
2007,25.46321591,AZ
2007,3.451948564,BI
2007,3.676924625,BE
2007,5.986349322,BJ
2007,4.111379018,BF
2007,7.058599354,BD
2007,6.654387649,BG
2007,8.293961291,BH
2007,5.857126342,BA
2007,8.600006601,BY
2007,3.353248291,BZ
2007,3.345139709,BM
2007,4.564384269,BO
2007,6.069870607,BR
2007,2.079183863,BB
2007,16.10478365,BT
2007,5.792555777,BW
2007,4.607534855,CF
2007,2.049904637,CA
2007,3.916375772,CH
2007,5.168230985,CL
2007,14.14998549,CN
2007,1.101429768,CI
2007,4.32758901,CM
2007,6.738194691,CO
2007,8.215131983,CR
2007,7.262136966,CU
2007,2.469963228,CW
2007,3.162625227,KY
2007,5.098226149,CY
2007,5.488825952,CZ
2007,2.890107179,DE
2007,,DJ
2007,5.357937558,DM
2007,0.987173816,DK
2007,7.418405778,DO
2007,3.100000001,DZ
2007,1.902428597,EC
2007,1.426822211,ER
2007,3.533500132,ES
2007,7.570918793,EE
2007,11.456167,ET
2007,5.312801767,FI
2007,-0.85065431,FJ
2007,2.530481884,FR
2007,,FO
2007,6.008108025,GA
2007,2.624879953,GB
2007,12.57556982,GE
2007,4.346819104,GH
2007,,GI
2007,6.817471111,GN
2007,2.559826471,GW
2007,15.28211392,GQ
2007,3.506869766,GR
2007,6.123450947,GD
2007,2.352437981,GL
2007,6.33771869,GT
2007,0.717213115,GU
2007,7.191236241,GY
2007,6.188327167,HN
2007,5.048886209,HR
2007,4.70652994,HT
2007,0.332354338,HU
2007,6.345022227,ID
2007,7.660815067,IN
2007,5.31011673,IE
2007,1.888539362,IQ
2007,8.454860104,IS
2007,6.323349505,IL
2007,1.462292053,IT
2007,1.431954037,JM
2007,8.176169952,JO
2007,1.483969412,JP
2007,8.9,KZ
2007,6.85072977,KE
2007,8.542874775,KG
2007,10.3984581,KH
2007,3.055079816,KI
2007,0.600602327,KN
2007,5.991575511,KW
2007,9.310622526,LB
2007,9.535275363,LR
2007,6.229982786,LY
2007,1.691618574,LC
2007,3.325963509,LI
2007,6.796826119,LK
2007,4.1879141,LS
2007,11.07792826,LT
2007,8.09866723,LU
2007,10.41453728,LV
2007,3.441067767,MA
2007,14.43751444,MC
2007,3.000000226,MD
2007,5.710564199,MG
2007,7.133380234,MV
2007,2.07786394,MX
2007,3.68852459,MH
2007,6.473486858,MK
2007,3.875028163,ML
2007,5.036663951,MT
2007,11.99143524,MM
2007,6.810150125,ME
2007,10.24801636,MN
2007,-6.684027778,MP
2007,7.649353938,MZ
2007,-1.96942275,MR
2007,5.72701616,MU
2007,9.599999877,MW
2007,6.298785927,MY
2007,5.374044152,NA
2007,,NC
2007,3.142724084,NE
2007,6.591130361,NG
2007,5.076352018,NI
2007,3.885306448,NL
2007,2.914040007,NO
2007,3.41156028,NP
2007,-22.18530498,NR
2007,3.05641639,NZ
2007,4.980654671,OM
2007,4.44481434,PK
2007,13.15306538,PA
2007,8.518387769,PE
2007,6.51929155,PH
2007,7.815189229,PG
2007,6.760447853,PL
2007,2.506579365,PT
2007,5.421622872,PY
2007,1.704975638,PF
2007,17.98565682,QA
2007,7.233807744,RO
2007,8.499977769,RU
2007,7.633298191,RW
2007,2.213653964,SA
2007,5.735274237,SD
2007,2.827119201,SN
2007,9.021519513,SG
2007,3.639672429,SB
2007,3.749758048,SL
2007,1.847602206,SV
2007,7.109322602,SM
2007,6.694351926,SO
2007,7.832071663,RS
2007,,SS
2007,3.641471852,ST
2007,5.111487778,SR
2007,10.81862951,SK
2007,7.139231291,SI
2007,3.224911324,SE
2007,4.435375509,SZ
2007,8.876066456,SC
2007,,TC
2007,4.356212114,TD
2007,-1.175120392,TG
2007,5.435151691,TH
2007,7.800000119,TJ
2007,11.05929947,TM
2007,10.26538845,TL
2007,-2.464307791,TO
2007,4.754209701,TT
2007,6.709520975,TN
2007,7.142857143,TV
2007,6.768535203,TZ
2007,8.412425966,UG
2007,8.215844452,UA
2007,6.541510845,UY
2007,2.003858299,US
2007,9.473005305,UZ
2007,3.322968598,VC
2007,,VG
2007,2.875892288,VU
2007,0.48598255,WS
2007,,XK
2007,5.360474054,ZA
2007,8.352436244,ZM
2007,-3.653326835,ZW
2008,1.835755172,AW
2008,3.92498382,AF
2008,11.16999999,AO
2008,6.907062307,AL
2008,-5.559186369,AD
2008,3.191836273,AE
2008,4.057233103,AR
2008,6.9,AM
2008,-2.657342657,AS
2008,-0.014006598,AG
2008,3.586266952,AU
2008,1.453305621,AT
2008,10.59143729,AZ
2008,4.861716367,BI
2008,0.446905131,BE
2008,4.896577084,BJ
2008,5.799991741,BF
2008,6.013789757,BD
2008,6.129558799,BG
2008,6.24501095,BH
2008,5.443831035,BA
2008,10.19999952,BY
2008,-1.682116446,BZ
2008,-1.865955826,BM
2008,6.148497875,BO
2008,5.094195447,BR
2008,0.633460591,BB
2008,4.529448777,BT
2008,3.252072958,BW
2008,2.054130962,CF
2008,0.995406301,CA
2008,2.807983592,CH
2008,3.789392806,CL
2008,9.670245886,CN
2008,4.782665979,CI
2008,2.847677889,CM
2008,3.283446186,CO
2008,4.738174878,CR
2008,4.116828042,CU
2008,2.18804308,CW
2008,-0.357401201,KY
2008,3.646989221,CY
2008,2.612268072,CZ
2008,0.910403214,DE
2008,,DJ
2008,7.121312178,DM
2008,-0.41717844,DK
2008,3.268086713,DO
2008,2.499999999,DZ
2008,6.564920682,EC
2008,-9.783030018,ER
2008,0.767165748,ES
2008,-5.125311543,EE
2008,10.78852169,ET
2008,0.784431236,FI
2008,1.03279422,FJ
2008,0.380171436,FR
2008,,FO
2008,-3.308430649,GA
2008,-0.248797261,GB
2008,2.42161441,GE
2008,9.149798938,GH
2008,,GI
2008,4.13301616,GN
2008,4.524575146,GW
2008,17.79910913,GQ
2008,0.057474024,GR
2008,0.947542625,GD
2008,6.166132702,GL
2008,3.293524,GT
2008,2.034587996,GU
2008,1.755223496,GY
2008,4.23160011,HN
2008,1.968590093,HR
2008,2.658032308,HT
2008,0.993437085,HU
2008,6.0137036,ID
2008,3.086698059,IN
2008,-4.484069567,IE
2008,8.228107104,IQ
2008,2.209496413,IS
2008,3.222096,IL
2008,-1.023138512,IT
2008,-0.811736703,JM
2008,7.220386373,JO
2008,-1.224289001,JP
2008,3.3,KZ
2008,0.232282745,KE
2008,8.401616049,KG
2008,7.476366066,KH
2008,-2.984731216,KI
2008,11.31703583,KN
2008,2.479756943,KW
2008,9.069128268,LB
2008,7.145691128,LR
2008,-0.162048239,LY
2008,4.94932194,LC
2008,1.798088478,LI
2008,5.950088145,LK
2008,5.52341967,LS
2008,2.599461546,LT
2008,-0.300175625,LU
2008,-3.388716658,LV
2008,5.684539363,MA
2008,0.746871215,MC
2008,7.800000145,MD
2008,6.712632539,MG
2008,8.976454605,MV
2008,0.943331873,MX
2008,-7.566346697,MH
2008,5.47200139,MK
2008,6.537353952,ML
2008,4.410126225,MT
2008,10.25530539,MM
2008,7.222752592,ME
2008,8.900367941,MN
2008,-11.06976744,MP
2008,6.878029426,MZ
2008,-0.331079223,MR
2008,5.386962542,MU
2008,7.639736399,MW
2008,4.831769889,MY
2008,2.649812038,NA
2008,,NC
2008,7.731414228,NE
2008,6.764472778,NG
2008,3.435716936,NI
2008,2.116815936,NL
2008,0.48191955,NO
2008,6.104639144,NP
2008,20.38090759,NR
2008,-1.017038469,NZ
2008,8.95005895,OM
2008,2.120441043,PK
2008,10.19743259,PA
2008,9.126568301,PE
2008,4.344487305,PH
2008,-0.296457846,PG
2008,4.383770693,PL
2008,0.319247343,PT
2008,6.49629212,PY
2008,0.006767551,PF
2008,17.66355636,QA
2008,9.307467171,RO
2008,5.199969264,RU
2008,11.16124732,RW
2008,6.237987537,SA
2008,3.846744731,SD
2008,3.703169064,SN
2008,1.863483455,SG
2008,6.225969544,SB
2008,3.686059699,SL
2008,2.154402983,SV
2008,-0.500939261,SM
2008,6.694351926,SO
2008,5.160892773,RS
2008,,SS
2008,6.22878507,ST
2008,4.143406812,SR
2008,5.363377212,SK
2008,3.372238661,SI
2008,-0.923123086,SE
2008,0.821663935,SZ
2008,-2.725946262,SC
2008,8.271893125,TC
2008,3.108362216,TD
2008,4.035645276,TG
2008,1.725698849,TH
2008,7.899998272,TJ
2008,14.7,TM
2008,11.39480483,TL
2008,4.862841324,TO
2008,3.391737078,TT
2008,4.237781475,TN
2008,6.666666667,TV
2008,5.686416859,TZ
2008,8.708751902,UG
2008,2.243491596,UA
2008,7.176144665,UY
2008,0.113587248,US
2008,9.029161018,UZ
2008,0.404640809,VC
2008,,VG
2008,5.600991821,VU
2008,3.556104674,WS
2008,,XK
2008,3.191043886,ZA
2008,7.773895815,ZM
2008,-17.66894633,ZW
2009,-11.67774137,AW
2009,21.39052839,AF
2009,0.860000002,AO
2009,2.690751524,AL
2009,-5.302846543,AD
2009,-5.242921904,AE
2009,-5.918525076,AR
2009,-14.1,AM
2009,-4.166666667,AS
2009,-11.96287947,AG
2009,1.892555819,AU
2009,-3.586264726,AT
2009,9.369502784,AZ
2009,3.812745366,BI
2009,-1.906441055,BE
2009,2.319292139,BJ
2009,2.961950859,BF
2009,5.045124799,BD
2009,-3.347141367,BG
2009,2.539885702,BH
2009,-3.00445593,BA
2009,0.199995215,BY
2009,-0.389321468,BZ
2009,-5.626697711,BM
2009,3.356999574,BO
2009,-0.125812002,BR
2009,-5.017275383,BB
2009,7.667492386,BT
2009,-14.14423462,BW
2009,8.587260426,CF
2009,-2.915086216,CA
2009,-2.297374526,CH
2009,-1.118037236,CL
2009,9.402699728,CN
2009,3.603321567,CI
2009,2.579251777,CM
2009,1.139648645,CO
2009,-0.873455943,CR
2009,1.451305431,CU
2009,-0.531308242,CW
2009,-7.200482447,KY
2009,-2.015082037,CY
2009,-4.798324167,CZ
2009,-5.545164545,DE
2009,,DJ
2009,-1.135751456,DM
2009,-4.974479057,DK
2009,1.00345293,DO
2009,1.2,DZ
2009,1.09101297,EC
2009,3.876501528,ER
2009,-3.768133069,ES
2009,-14.63022254,EE
2009,8.802553198,ET
2009,-8.076031166,FI
2009,-1.386037708,FJ
2009,-2.824551537,FR
2009,-4.553298241,FO
2009,0.13033112,GA
2009,-4.620553708,GB
2009,-3.650752296,GE
2009,4.844487052,GH
2009,,GI
2009,-1.122642048,GN
2009,2.447951061,GW
2009,1.343356288,GQ
2009,-4.119276067,GR
2009,-6.613281348,GD
2009,0.865952329,GL
2009,0.476898107,GT
2009,0.438683948,GU
2009,3.611508472,GY
2009,-2.43162788,HN
2009,-6.813956178,HR
2009,5.890378948,HT
2009,-6.740166085,HU
2009,4.628871183,ID
2009,7.861888833,IN
2009,-5.095781788,IE
2009,3.379299094,IQ
2009,-7.66380952,IS
2009,1.237731597,IL
2009,-5.305154012,IT
2009,-4.345301858,JM
2009,5.023710073,JO
2009,-5.693236359,JP
2009,1.199999999,KZ
2009,3.306939816,KE
2009,2.886294575,KG
2009,4.074778506,KH
2009,0.536801195,KI
2009,-3.404740154,KN
2009,-7.076056431,KW
2009,10.23215558,LB
2009,5.300540503,LR
2009,-4.400181763,LY
2009,-2.828899548,LC
2009,-1.15748292,LI
2009,3.538912053,LK
2009,-1.253757799,LS
2009,-14.83861179,LT
2009,-3.238954091,LU
2009,-16.04001953,LV
2009,3.745769401,MA
2009,-11.33698658,MC
2009,-6.000000264,MD
2009,-3.978708612,MG
2009,-8.34069876,MV
2009,-6.295250567,MX
2009,3.665241295,MH
2009,-0.358614857,MK
2009,4.633509848,ML
2009,-1.395342555,MT
2009,10.5500091,MM
2009,-5.795096995,ME
2009,-1.268598936,MN
2009,-17.57322176,MP
2009,5.928971875,MZ
2009,0.097875914,MR
2009,3.315076998,MU
2009,8.328109852,MW
2009,-1.513528716,MY
2009,0.295970914,NA
2009,,NC
2009,1.962600907,NE
2009,8.036925101,NG
2009,-3.292665159,NI
2009,-3.665290491,NL
2009,-1.940364726,NO
2009,4.533078725,NP
2009,-5.6519328,NR
2009,-0.037466112,NZ
2009,5.981966949,OM
2009,3.472550596,PK
2009,1.61186406,PA
2009,1.095823659,PE
2009,1.448323063,PH
2009,6.800421483,PG
2009,2.615128593,PL
2009,-3.12207826,PT
2009,-0.261137328,PY
2009,-4.231391831,PF
2009,11.95656113,QA
2009,-5.516706158,RO
2009,-7.799993913,RU
2009,6.248257506,RW
2009,-1.066717112,SA
2009,-2.767704366,SD
2009,2.752104485,SN
2009,0.127953383,SG
2009,2.864267902,SB
2009,1.53080324,SL
2009,-2.108768376,SV
2009,-10.32095658,SM
2009,6.694351926,SO
2009,-3.142610465,RS
2009,5.04164188,SS
2009,3.302399666,ST
2009,3.013698983,SR
2009,-5.50533791,SK
2009,-7.59058614,SI
2009,-4.255573745,SE
2009,1.565048841,SZ
2009,-2.479375947,SC
2009,-19.55024676,TC
2009,-1.338484366,TD
2009,5.453823993,TG
2009,-0.690618232,TH
2009,3.900001148,TJ
2009,6.100000115,TM
2009,10.14695442,TL
2009,-5.129178192,TO
2009,-4.391729247,TT
2009,3.043450124,TN
2009,-6.25,TV
2009,5.269105249,TZ
2009,6.801517349,UG
2009,-15.13646791,UA
2009,4.243494195,UY
2009,-2.576500232,US
2009,8.050933327,UZ
2009,-1.378193606,VC
2009,,VG
2009,3.037303541,VU
2009,-0.541677602,WS
2009,5.034854138,XK
2009,-1.538089135,ZA
2009,9.220348406,ZM
2009,13.27207858,ZW
2010,-2.733456793,AW
2010,14.36244147,AF
2010,4.398375938,AO
2010,2.973154427,AL
2010,-1.974958,AD
2010,1.602850047,AE
2010,10.12539816,AR
2010,2.2,AM
2010,0.299850075,AS
2010,-7.840506837,AG
2010,2.219980265,AU
2010,1.80898243,AT
2010,4.78883271,AZ
2010,5.124159994,BI
2010,2.710311503,BE
2010,2.114064726,BJ
2010,8.446281577,BF
2010,5.571788185,BD
2010,1.555359635,BG
2010,4.334298975,BH
2010,0.86566926,BA
2010,7.750017066,BY
2010,1.114035787,BZ
2010,-2.502878289,BM
2010,4.126722591,BO
2010,7.528225818,BR
2010,-2.217710856,BB
2010,11.93187384,BT
2010,10.11972333,BW
2010,4.630818432,CF
2010,3.090806345,CA
2010,3.243397157,CH
2010,5.851651022,CL
2010,10.59627198,CN
2010,6.848049399,CI
2010,2.899024721,CM
2010,4.494658971,CO
2010,5.360343526,CR
2010,2.390352297,CU
2010,0.082306609,CW
2010,-2.715635262,KY
2010,2.282671001,CY
2010,2.714665099,CZ
2010,4.14676755,DE
2010,,DJ
2010,-0.105610858,DM
2010,1.582897031,DK
2010,8.401145412,DO
2010,4.800000001,DZ
2010,4.02913788,EC
2010,2.194190349,ER
2010,0.094122312,ES
2010,2.449750206,EE
2010,12.55053835,ET
2010,3.168287912,FI
2010,2.954672422,FJ
2010,2.00032476,FR
2010,-0.379817991,FO
2010,7.089887315,GA
2010,2.233315088,GB
2010,6.246408653,GE
2010,7.899711941,GH
2010,,GI
2010,4.81336017,GN
2010,5.605363114,GW
2010,-8.924175889,GQ
2010,-5.693741216,GR
2010,-0.511146187,GD
2010,1.735825059,GL
2010,2.884175428,GT
2010,2.263251936,GU
2010,4.138441601,GY
2010,3.731140344,HN
2010,-1.334081524,HR
2010,-5.651511534,HT
2010,1.067950682,HU
2010,6.223854181,ID
2010,8.497584702,IN
2010,1.682972271,IE
2010,6.402564845,IQ
2010,-2.832774923,IS
2010,5.534340339,IL
2010,1.529105732,IT
2010,-1.457147209,JM
2010,2.314834221,JO
2010,4.097917919,JP
2010,7.300000003,KZ
2010,8.058473603,KE
2010,-0.471566597,KG
2010,5.076918432,KH
2010,1.225951989,KI
2010,-0.054194207,KN
2010,-2.370548047,KW
2010,7.975135558,LB
2010,6.09982524,LR
2010,5.027247672,LY
2010,0.330018546,LC
2010,,LI
2010,8.01596737,LK
2010,5.269670781,LS
2010,0.427199567,LT
2010,3.760414543,LU
2010,-3.661258596,LV
2010,3.499557094,MA
2010,2.065219627,MC
2010,7.100000107,MD
2010,0.619239745,MG
2010,6.785467909,MV
2010,4.971334578,MX
2010,5.5391868,MH
2010,3.358750858,MK
2010,6.921721886,ML
2010,6.197345169,MT
2010,9.634439452,MM
2010,2.734331082,ME
2010,6.365161679,MN
2010,1.395939086,MP
2010,6.679729357,MZ
2010,2.620229481,MR
2010,4.377203223,MU
2010,6.874065854,MW
2010,7.424847383,MY
2010,6.03924948,NA
2010,,NC
2010,8.578166743,NE
2010,8.005655916,NG
2010,4.410099117,NI
2010,1.319320323,NL
2010,0.787051861,NO
2010,4.816414647,NP
2010,-0.159976911,NR
2010,1.458636349,NZ
2010,2.471998566,OM
2010,1.501717522,PK
2010,6.073393531,PA
2010,8.332459107,PE
2010,7.33449996,PH
2010,10.12845407,PG
2010,3.168927483,PL
2010,1.737624528,PT
2010,11.09523127,PY
2010,-2.46606419,PF
2010,19.59233153,QA
2010,-3.905811573,RO
2010,4.499999999,RU
2010,7.33465645,RW
2010,5.039515082,SA
2010,3.858241952,SD
2010,3.390889253,SN
2010,14.51974971,SG
2010,9.708388169,SB
2010,6.355665958,SL
2010,2.154195367,SV
2010,-5.473684211,SM
2010,6.694351926,SO
2010,1.610972661,RS
2010,5.493416395,SS
2010,1.448455229,ST
2010,5.168825152,SR
2010,6.790581591,SK
2010,1.112137193,SI
2010,5.750735839,SE
2010,3.793755077,SZ
2010,4.505132043,SC
2010,0.984924854,TC
2010,13.79438893,TD
2010,5.854352694,TG
2010,7.513390533,TH
2010,6.499999086,TJ
2010,9.199999988,TM
2010,9.331511766,TL
2010,0.824396914,TO
2010,3.32322471,TT
2010,2.971132751,TN
2010,-2.222222222,TV
2010,6.336523427,TZ
2010,5.637611637,UG
2010,4.092004367,UA
2010,7.803409651,UY
2010,2.695192582,US
2010,7.597167961,UZ
2010,-4.470467935,VC
2010,,VG
2010,1.258867203,VU
2010,6.124719923,WS
2010,4.93995096,XK
2010,3.039732881,ZA
2010,10.29822332,ZM
2010,19.67540766,ZW
2011,3.369237184,AW
2011,0.426354777,AF
2011,3.472053148,AO
2011,2.463516839,AL
2011,-0.008069753,AD
2011,6.216121817,AE
2011,6.003951693,AR
2011,4.699999999,AM
2011,0.0,AS
2011,-1.958742622,AG
2011,2.407080183,AU
2011,2.927468002,AT
2011,-1.572997621,AZ
2011,4.032599988,BI
2011,1.931155024,BE
2011,2.963752919,BJ
2011,6.622562613,BF
2011,6.464379125,BD
2011,2.09017527,BG
2011,1.928157912,BH
2011,0.959511247,BA
2011,5.549974723,BY
2011,-0.244543781,BZ
2011,-3.742744317,BM
2011,5.204092443,BO
2011,3.974423079,BR
2011,-0.731434559,BB
2011,8.489258484,BT
2011,6.838410501,BW
2011,4.194615337,CF
2011,3.137194422,CA
2011,1.813108305,CH
2011,6.223896785,CL
2011,9.461335887,CN
2011,-5.37044724,CI
2011,3.379211285,CM
2011,6.947891982,CO
2011,4.40315924,CR
2011,2.802300836,CU
2011,0.508457482,CW
2011,1.169062198,KY
2011,0.416711868,CY
2011,1.772380853,CZ
2011,3.757968845,DE
2011,,DJ
2011,0.042738888,DM
2011,1.310803761,DK
2011,3.191962275,DO
2011,2.999999999,DZ
2011,8.481476563,EC
2011,8.679800101,ER
2011,-0.639920637,ES
2011,7.606974589,EE
2011,11.17829623,ET
2011,2.390394554,FI
2011,2.705143029,FJ
2011,2.437576537,FR
2011,3.566363179,FO
2011,7.091753343,GA
2011,1.138362398,GB
2011,7.934336525,GE
2011,14.04712358,GH
2011,,GI
2011,5.612111774,GN
2011,8.085041672,GW
2011,6.52392363,GQ
2011,-9.876778753,GR
2011,0.76477355,GD
2011,-0.496519392,GL
2011,4.163906883,GT
2011,0.077654824,GU
2011,5.196251561,GY
2011,3.835690662,HN
2011,-0.097751453,HR
2011,5.098213544,HT
2011,1.916709166,HU
2011,6.169784208,ID
2011,5.241316199,IN
2011,1.648774004,IE
2011,7.5464712,IQ
2011,1.845779149,IS
2011,5.518796214,IL
2011,0.695463154,IT
2011,1.730376267,JM
2011,2.737179886,JO
2011,0.023809524,JP
2011,7.400000001,KZ
2011,5.12110612,KE
2011,5.956274297,KG
2011,7.286658139,KH
2011,3.263727195,KI
2011,1.616607304,KN
2011,9.628634129,KW
2011,0.867339879,LB
2011,8.200768225,LR
2011,-50.33851514,LY
2011,4.326942805,LC
2011,,LI
2011,8.669483012,LK
2011,4.616413945,LS
2011,6.323636648,LT
2011,1.044298553,LU
2011,3.036344827,LV
2011,5.524645233,MA
2011,7.022356946,MC
2011,5.818166147,MD
2011,1.578427054,MG
2011,8.843425945,MV
2011,3.444045063,MX
2011,-0.502512563,MH
2011,2.339886045,MK
2011,4.019135255,ML
2011,0.991963675,MT
2011,5.591482378,MM
2011,3.228451021,ME
2011,17.29077759,MN
2011,-7.384230288,MP
2011,7.134058423,MZ
2011,4.172783278,MR
2011,4.077538066,MU
2011,4.932669998,MW
2011,5.293912834,MY
2011,5.091338139,NA
2011,,NC
2011,2.357756936,NE
2011,5.307924203,NG
2011,6.316685535,NI
2011,1.773345163,NL
2011,1.105656034,NO
2011,3.421808701,NP
2011,14.39463342,NR
2011,2.093496217,NZ
2011,2.894609735,OM
2011,2.680116854,PK
2011,11.90887722,PA
2011,6.327192402,PE
2011,3.858232828,PH
2011,1.107543626,PG
2011,5.255462566,PL
2011,-1.713527451,PT
2011,4.286371207,PY
2011,-2.961957454,PF
2011,13.37517641,QA
2011,4.495589099,RO
2011,4.300029186,RU
2011,7.958388698,RW
2011,11.75885681,SA
2011,-3.213532093,SD
2011,1.33409108,SN
2011,6.214934169,SG
2011,7.429949617,SB
2011,8.100655187,SL
2011,3.773584998,SV
2011,-8.314773571,SM
2011,6.694351926,SO
2011,0.054272479,RS
2011,-4.640316736,SS
2011,1.999432103,ST
2011,5.849367672,SR
2011,2.562424732,SK
2011,0.655438128,SI
2011,3.163910497,SE
2011,2.247229618,SZ
2011,9.509783352,SC
2011,4.62049893,TC
2011,4.5535904,TD
2011,5.823252237,TG
2011,0.840132083,TH
2011,7.4000006,TJ
2011,14.69999993,TM
2011,5.958539712,TL
2011,6.703697462,TO
2011,-0.294354409,TT
2011,-2.046633895,TN
2011,6.818181818,TV
2011,7.672155435,TZ
2011,9.391655493,UG
2011,5.44528081,UA
2011,5.162133025,UY
2011,1.564406855,US
2011,7.525139894,UZ
2011,-0.606276651,VC
2011,,VG
2011,3.1398029,VU
2011,3.849077947,WS
2011,6.319810229,XK
2011,3.168556279,ZA
2011,5.569252193,ZM
2011,14.19391573,ZW
2012,-1.040799884,AW
2012,12.75228709,AF
2012,8.542107076,AO
2012,0.98412988,AL
2012,-4.974443719,AD
2012,1.824480785,AE
2012,-1.026420454,AR
2012,7.200000001,AM
2012,-4.334828102,AS
2012,3.373142739,AG
2012,3.916709425,AU
2012,0.628246239,AT
2012,2.202939023,AZ
2012,4.446706331,BI
2012,0.215803612,BE
2012,4.811223316,BJ
2012,6.45267238,BF
2012,6.521458779,BD
2012,0.748814897,BG
2012,3.80302899,BH
2012,-0.821836474,BA
2012,1.70785257,BY
2012,3.737775786,BZ
2012,-5.305299107,BM
2012,5.122275581,BO
2012,1.921175986,BR
2012,-0.313311151,BB
2012,5.164820127,BT
2012,-0.170857117,BW
2012,5.053761254,CF
2012,1.755661291,CA
2012,1.179253853,CH
2012,6.155340019,CL
2012,7.856174271,CN
2012,7.620411765,CI
2012,4.625978722,CM
2012,3.912635767,CO
2012,4.88259241,CR
2012,3.014900289,CU
2012,-0.348950824,CW
2012,1.229753657,KY
2012,-3.447381514,CY
2012,-0.770668191,CZ
2012,0.474291321,DE
2012,,DJ
2012,-0.157391793,DM
2012,-0.005432302,DK
2012,2.775671008,DO
2012,2.4,DZ
2012,5.783212336,EC
2012,,ER
2012,-2.865113686,ES
2012,3.672018725,EE
2012,8.647811633,ET
2012,-1.52284013,FI
2012,1.411314382,FJ
2012,0.183835265,FR
2012,7.081483445,FO
2012,5.251076918,GA
2012,1.508998347,GB
2012,6.57883102,GE
2012,9.292789406,GH
2012,,GI
2012,5.915286261,GN
2012,-1.712869584,GW
2012,8.312871844,GQ
2012,-8.331134211,GR
2012,-1.154838164,GD
2012,1.39419336,GL
2012,2.974708568,GT
2012,2.13385063,GU
2012,5.27633062,GY
2012,4.128687749,HN
2012,-2.253745581,HR
2012,0.502424404,HT
2012,-1.339484465,HU
2012,6.030050653,ID
2012,5.456387552,IN
2012,-0.398960482,IE
2012,13.93643017,IQ
2012,1.063636596,IS
2012,2.447168367,IL
2012,-3.125238773,IT
2012,-0.61363604,JM
2012,2.429358001,JO
2012,1.374750999,JP
2012,4.799999995,KZ
2012,4.568679614,KE
2012,-0.0881502,KG
2012,7.650256579,KH
2012,5.803659746,KI
2012,-0.737636737,KN
2012,6.625875037,KW
2012,2.564791337,LB
2012,7.993814446,LR
2012,86.82674844,LY
2012,-0.108756148,LC
2012,,LI
2012,8.63218138,LK
2012,6.334083747,LS
2012,4.382905844,LT
2012,1.649902128,LU
2012,7.305240572,LV
2012,3.062343685,MA
2012,1.012218412,MC
2012,-0.589733955,MD
2012,3.011148116,MG
2012,2.389288126,MV
2012,3.553210755,MX
2012,-1.290684624,MH
2012,-0.456183224,MK
2012,-0.570588589,ML
2012,4.102590303,MT
2012,7.332670447,MM
2012,-2.723790771,ME
2012,12.31981985,MN
2012,0.810810811,MP
2012,7.994503161,MZ
2012,4.470013192,MR
2012,3.496118365,MU
2012,1.900000001,MW
2012,5.473454193,MY
2012,5.06168207,NA
2012,,NC
2012,10.54894458,NE
2012,4.230061175,NG
2012,6.496136471,NI
2012,-0.977876878,NL
2012,2.717959249,NO
2012,4.670141924,NP
2012,25.2793205,NR
2012,2.366306647,NZ
2012,8.863122256,OM
2012,3.027583911,PK
2012,9.627293464,PA
2012,6.139724706,PE
2012,6.896951711,PH
2012,4.657119597,PG
2012,1.511781676,PL
2012,-4.050902656,PT
2012,-0.708043112,PY
2012,-0.927537713,PF
2012,4.730011844,QA
2012,1.903616968,RO
2012,4.024086157,RU
2012,8.641508158,RW
2012,5.761507324,SA
2012,-17.0046884,SD
2012,4.002995551,SN
2012,4.435497594,SG
2012,2.466001387,SB
2012,10.57833166,SL
2012,2.887700102,SV
2012,-7.044534413,SM
2012,6.694351926,SO
2012,-0.443956029,RS
2012,-46.08212237,SS
2012,2.942942774,ST
2012,2.690349747,SR
2012,1.569171047,SK
2012,-2.91553782,SI
2012,-0.414465737,SE
2012,5.39663077,SZ
2012,3.110678494,SC
2012,-2.666555621,TC
2012,9.052680251,TD
2012,6.302695421,TG
2012,7.242796202,TH
2012,7.499999463,TJ
2012,11.09999996,TM
2012,4.860621868,TL
2012,0.919761025,TO
2012,6.710083663,TT
2012,4.216677115,TN
2012,-2.127659574,TV
2012,4.50015356,TZ
2012,3.837455606,UG
2012,0.152314967,UA
2012,3.538178721,UY
2012,2.289113386,US
2012,7.102444887,UZ
2012,1.169112184,VC
2012,,VG
2012,1.010047687,VU
2012,-3.732130209,WS
2012,1.712195959,XK
2012,2.396232385,ZA
2012,7.597381049,ZM
2012,16.66542898,ZW
2013,6.431482604,AW
2013,5.600744659,AF
2013,4.954613031,AO
2013,1.707228318,AL
2013,-3.547596515,AD
2013,5.055559658,AE
2013,2.405323781,AR
2013,3.3,AM
2013,-2.5,AS
2013,-0.60098233,AG
2013,2.602193394,AU
2013,-0.250726423,AT
2013,5.843415762,AZ
2013,4.924189898,BI
2013,0.305494549,BE
2013,7.191433721,BJ
2013,5.792584845,BF
2013,6.013605658,BD
2013,-0.542751603,BG
2013,5.292622249,BH
2013,2.349856663,BA
2013,0.998719279,BY
2013,4.454326007,BZ
2013,-0.279708545,BM
2013,6.796011428,BO
2013,3.004822669,BR
2013,-1.010381846,BB
2013,1.736340395,BT
2013,11.10290688,BW
2013,-36.3919771,CF
2013,2.325813548,CA
2013,1.792144007,CH
2013,3.308508247,CL
2013,7.778724094,CN
2013,10.76021313,CI
2013,4.995529161,CM
2013,5.13399352,CO
2013,2.494766112,CR
2013,2.747602563,CU
2013,-0.635696908,CW
2013,1.27933102,KY
2013,-6.587477511,CY
2013,-0.041812416,CZ
2013,0.386224592,DE
2013,,DJ
2013,0.004503997,DM
2013,1.392673432,DK
2013,4.934733007,DO
2013,2.600000001,DZ
2013,7.211236537,EC
2013,,ER
2013,-1.427322248,ES
2013,1.756493796,EE
2013,10.58227005,ET
2013,-0.979741025,FI
2013,4.73421949,FJ
2013,0.781756446,FR
2013,5.856143897,FO
2013,5.638699003,GA
2013,1.799921497,GB
2013,5.132885312,GE
2013,7.312525017,GH
2013,,GI
2013,3.945687086,GN
2013,3.256071909,GW
2013,-4.133198501,GQ
2013,-2.272116999,GR
2013,2.351098017,GD
2013,-1.298280693,GL
2013,3.694819024,GT
2013,1.690408357,GU
2013,3.653384333,GY
2013,2.791559757,HN
2013,-0.125449826,HR
2013,4.324784115,HT
2013,2.032169907,HU
2013,5.557263689,ID
2013,6.386106401,IN
2013,2.192176195,IE
2013,7.628285923,IQ
2013,4.552460289,IS
2013,4.085709186,IL
2013,-1.818025107,IT
2013,0.517686013,JM
2013,2.609947375,JO
2013,2.005100177,JP
2013,5.999999997,KZ
2013,3.797848393,KE
2013,10.91546945,KG
2013,7.857499755,KH
2013,7.730921887,KI
2013,5.727280872,KN
2013,1.149465343,KW
2013,3.827873499,LB
2013,8.687287816,LR
2013,-17.99796157,LY
2013,-1.818776037,LC
2013,,LI
2013,4.051746329,LK
2013,1.792525556,LS
2013,4.046913186,LT
2013,3.1717899,LU
2013,2.096090282,LV
2013,4.122212869,MA
2013,9.577098324,MC
2013,9.043865607,MD
2013,2.300376228,MG
2013,6.974962268,MV
2013,0.85210155,MX
2013,3.808982376,MH
2013,2.925257665,MK
2013,2.382125954,ML
2013,6.291715744,MT
2013,8.426001025,MM
2013,3.548979912,ME
2013,11.64891619,MN
2013,2.680965147,MP
2013,6.571413897,MZ
2013,4.15081319,MR
2013,3.3604061,MU
2013,5.410349998,MW
2013,4.693722526,MY
2013,5.614719623,NA
2013,,NC
2013,5.315130634,NE
2013,6.671335393,NG
2013,4.927094134,NI
2013,-0.03023256,NL
2013,1.01619084,NO
2013,3.525153171,NP
2013,3.647740417,NR
2013,2.58954199,NZ
2013,5.227704081,OM
2013,4.36686505,PK
2013,6.324353887,PA
2013,5.852518211,PE
2013,6.750531301,PH
2013,3.824946328,PG
2013,0.684240607,PL
2013,-0.984106569,PT
2013,8.293076489,PY
2013,0.398801414,PF
2013,5.556040643,QA
2013,0.278771877,RO
2013,1.755422149,RU
2013,4.71984857,RW
2013,2.945699907,SA
2013,1.955144633,SD
2013,2.412385276,SN
2013,4.817630991,SG
2013,5.237740178,SB
2013,14.66332381,SL
2013,2.182952325,SV
2013,-0.783972125,SM
2013,10.95929862,SO
2013,0.451578763,RS
2013,13.12973114,SS
2013,5.119677354,ST
2013,2.933441652,SR
2013,0.703323545,SK
2013,-0.823776418,SI
2013,1.137716508,SE
2013,3.861213805,SZ
2013,1.253734962,SC
2013,1.070880496,TC
2013,2.807351887,TD
2013,5.824265832,TG
2013,2.687495563,TH
2013,7.399999747,TJ
2013,10.2000001,TM
2013,3.104366832,TL
2013,0.39392253,TO
2013,3.344606475,TT
2013,2.429930964,TN
2013,4.347826087,TV
2013,6.781585601,TZ
2013,3.586905826,UG
2013,0.045439094,UA
2013,4.637538629,UY
2013,2.117830098,US
2013,7.29655037,UZ
2013,2.462484172,VC
2013,,VG
2013,0.463390415,VU
2013,0.107293276,WS
2013,5.340799119,XK
2013,2.485468008,ZA
2013,5.05753695,ZM
2013,1.98948554,ZW
2014,-1.586575138,AW
2014,2.724543362,AF
2014,4.82255927,AO
2014,2.240226954,AL
2014,2.504465521,AD
2014,4.165691841,AE
2014,-2.512615321,AR
2014,3.600000001,AM
2014,1.762820513,AS
2014,2.198291887,AG
2014,2.595284116,AU
2014,0.75579885,AT
2014,2.797585434,AZ
2014,4.240650214,BI
2014,1.765540381,BE
2014,6.357679098,BJ
2014,4.326845615,BF
2014,6.061059359,BD
2014,0.949448985,BG
2014,4.308856927,BH
2014,1.153851092,BA
2014,1.651124685,BY
2014,4.030845578,BZ
2014,-3.701067594,BM
2014,5.460569506,BO
2014,0.50395574,BR
2014,0.082405478,BB
2014,5.881085507,BT
2014,5.69714422,BW
2014,0.081070515,CF
2014,2.873466778,CA
2014,2.349881415,CH
2014,1.792649471,CL
2014,7.461900282,CN
2014,9.371999942,CI
2014,5.719818145,CM
2014,4.499030001,CO
2014,3.542109878,CR
2014,1.047576632,CU
2014,-0.637397373,CW
2014,2.654527985,KY
2014,-1.776058677,CY
2014,2.245212199,CZ
2014,2.169498898,DE
2014,7.192987285,DJ
2014,2.335217421,DM
2014,1.277999832,DK
2014,7.111226297,DO
2014,4.099999999,DZ
2014,4.226065204,EC
2014,,ER
2014,1.520485936,ES
2014,3.322789882,EE
2014,10.25749296,ET
2014,-0.478068425,FI
2014,5.603514406,FJ
2014,0.997832947,FR
2014,5.432142068,FO
2014,4.314964441,GA
2014,3.194637319,GB
2014,4.090490596,GE
2014,2.856240163,GH
2014,,GI
2014,3.696553117,GN
2014,0.964525746,GW
2014,0.415066302,GQ
2014,0.792225061,GR
2014,7.34212396,GD
2014,4.742135673,GL
2014,4.44397783,GT
2014,1.793051924,GU
2014,1.68649445,GY
2014,3.058080562,HN
2014,-0.557150197,HR
2014,2.888772509,HT
2014,4.334353641,HU
2014,5.006668426,ID
2014,7.410227605,IN
2014,9.33603375,IE
2014,2.263688176,IQ
2014,1.687215035,IS
2014,3.775828432,IL
2014,-0.001387617,IT
2014,0.689822357,JM
2014,3.384078099,JO
2014,0.296205514,JP
2014,4.200000006,KZ
2014,5.020111002,KE
2014,4.024038631,KG
2014,8.000320746,KH
2014,1.26366268,KI
2014,7.576966023,KN
2014,0.500914739,KW
2014,2.484060105,LB
2014,0.7013931,LR
2014,-23.04280583,LY
2014,1.328090221,LC
2014,,LI
2014,6.377978893,LK
2014,1.710549905,LS
2014,3.772543796,LT
2014,2.623086792,LU
2014,2.094959771,LV
2014,2.71924408,MA
2014,7.187027775,MC
2014,4.999625854,MD
2014,3.339203112,MG
2014,7.860686372,MV
2014,2.503763499,MX
2014,-1.25958379,MH
2014,3.629123513,MK
2014,7.60253469,ML
2014,7.631129375,MT
2014,8.169907456,MM
2014,1.783698581,ME
2014,7.885225482,MN
2014,4.177545692,MP
2014,7.702568448,MZ
2014,4.274823288,MR
2014,3.82696982,MU
2014,5.625270001,MW
2014,6.006721946,MY
2014,6.09251916,NA
2014,,NC
2014,6.642136655,NE
2014,6.309718655,NG
2014,4.785460136,NI
2014,1.612610013,NL
2014,2.048132004,NO
2014,6.011482843,NP
2014,16.42333564,NR
2014,3.826384918,NZ
2014,1.292252294,OM
2014,4.116428172,PK
2014,4.625813756,PA
2014,2.382157372,PE
2014,6.347987483,PH
2014,13.54377062,PG
2014,3.920508624,PL
2014,0.741391417,PT
2014,5.301238592,PY
2014,0.593554453,PF
2014,5.334323292,QA
2014,4.116001093,RO
2014,0.736267222,RU
2014,6.167166152,RW
2014,4.024640706,SA
2014,4.661379542,SD
2014,6.224074438,SN
2014,3.935540277,SG
2014,1.189217471,SB
2014,-7.815015125,SL
2014,1.729399842,SV
2014,-0.7023705,SM
2014,8.978005906,SO
2014,-1.804270248,RS
2014,3.373648477,SS
2014,4.906210487,ST
2014,0.255503032,SR
2014,2.707951514,SK
2014,2.762833276,SI
2014,2.295763792,SE
2014,1.435897493,SZ
2014,4.063691812,SC
2014,8.711295808,TC
2014,2.062980971,TD
2014,5.633240218,TG
2014,0.984468864,TH
2014,6.70000069,TJ
2014,10.29999997,TM
2014,4.472498466,TL
2014,1.990537699,TO
2014,3.695365151,TT
2014,3.090328031,TN
2014,0.0,TV
2014,6.732461868,TZ
2014,5.106307325,UG
2014,-10.07889498,UA
2014,3.23879123,UY
2014,2.523819814,US
2014,6.873838441,UZ
2014,1.250254369,VC
2014,,VG
2014,2.575040316,VU
2014,0.659923769,WS
2014,3.348804784,XK
2014,1.413826452,ZA
2014,4.693283164,ZM
2014,2.376985704,ZW
2015,-0.623625902,AW
2015,1.451314661,AF
2015,0.943571561,AO
2015,2.227704075,AL
2015,1.434140395,AD
2015,6.786772877,AE
2015,2.731159828,AR
2015,3.199999999,AM
2015,3.149606299,AS
2015,1.421619976,AG
2015,2.190169287,AU
2015,1.303523318,AT
2015,1.049546368,AZ
2015,-3.90000008,BI
2015,1.474164337,BE
2015,1.77815106,BJ
2015,3.921228794,BF
2015,6.552639878,BD
2015,3.397553259,BG
2015,2.507872053,BH
2015,4.314750611,BA
2015,-3.829570558,BY
2015,2.876183795,BZ
2015,0.7755297,BM
2015,4.85718718,BO
2015,-3.545763393,BR
2015,-0.846098521,BB
2015,6.660801289,BT
2015,-4.851325046,BW
2015,4.33712103,CF
2015,0.649971002,CA
2015,1.644627508,CH
2015,2.1519425,CL
2015,6.978780027,CN
2015,7.194949427,CI
2015,5.666952987,CM
2015,2.955901375,CO
2015,3.652080968,CR
2015,4.438333589,CU
2015,0.458151544,CW
2015,2.833122226,KY
2015,3.418920389,CY
2015,4.958758489,CZ
2015,1.652719787,DE
2015,7.308985635,DJ
2015,-3.373382625,DM
2015,2.104414564,DK
2015,6.987711312,DO
2015,3.200000001,DZ
2015,0.119692109,EC
2015,,ER
2015,4.060866725,ES
2015,1.838152629,EE
2015,10.39246302,ET
2015,0.466503766,FI
2015,4.50120041,FJ
2015,1.066754748,FR
2015,0.958001934,FO
2015,3.878899395,GA
2015,2.222888423,GB
2015,3.351023503,GE
2015,2.120759338,GH
2015,,GI
2015,3.825910569,GN
2015,6.134089362,GW
2015,-9.110041149,GQ
2015,-0.228301892,GR
2015,6.445223147,GD
2015,-2.529318024,GL
2015,4.092170721,GT
2015,0.825688073,GU
2015,0.687404591,GY
2015,3.840079971,HN
2015,2.323175158,HR
2015,1.400000009,HT
2015,3.659816154,HU
2015,4.8763223,ID
2015,7.996253786,IN
2015,24.6155699,IE
2015,2.606766429,IQ
2015,4.436663739,IS
2015,2.237603175,IL
2015,0.885667635,IT
2015,0.921487125,JM
2015,2.496528793,JO
2015,1.560626697,JP
2015,1.200000001,KZ
2015,4.967721128,KE
2015,3.875825445,KG
2015,7.207034725,KH
2015,11.26532094,KI
2015,0.694135528,KN
2015,0.592770733,KW
2015,0.462320793,LB
2015,-0.01856497,LR
2015,-0.842656252,LY
2015,0.101917836,LC
2015,,LI
2015,4.205955477,LK
2015,3.12406678,LS
2015,2.832806433,LT
2015,2.269784233,LU
2015,3.783367121,LV
2015,4.344582976,MA
2015,4.910371765,MC
2015,-0.338235622,MD
2015,3.132298075,MG
2015,3.868135336,MV
2015,2.702323448,MX
2015,1.885745979,MH
2015,3.85586514,MK
2015,5.974716101,ML
2015,9.621097562,MT
2015,6.99284029,MM
2015,3.390381397,ME
2015,2.379835807,MN
2015,3.383458647,MP
2015,7.393093699,MZ
2015,5.376339241,MR
2015,3.690556904,MU
2015,2.8,MW
2015,5.091532422,MY
2015,4.264174538,NA
2015,,NC
2015,4.392648832,NE
2015,2.652693295,NG
2015,4.792267683,NI
2015,2.120605239,NL
2015,1.857339716,NO
2015,3.976053272,NP
2015,2.698017274,NR
2015,3.690369084,NZ
2015,5.017057997,OM
2015,4.217942096,PK
2015,5.266917196,PA
2015,3.252244772,PE
2015,6.348309717,PH
2015,6.578356323,PG
2015,4.431767003,PL
2015,1.589798029,PT
2015,2.957151735,PY
2015,1.803340815,PF
2015,4.753345724,QA
2015,3.157036054,RO
2015,-1.972719226,RU
2015,8.856855597,RW
2015,4.655123167,SA
2015,1.910176891,SD
2015,6.367043651,SN
2015,2.976799316,SG
2015,1.676146156,SB
2015,-4.363332621,SL
2015,2.400000089,SV
2015,2.291505561,SM
2015,10.46218812,SO
2015,1.295738512,RS
2015,-10.79336463,SS
2015,1.539704283,ST
2015,-3.413042681,SR
2015,5.176879097,SK
2015,2.393306213,SI
2015,4.410140687,SE
2015,2.046930151,SZ
2015,8.914008875,SC
2015,11.31482939,TC
2015,3.310885674,TD
2015,5.468031293,TG
2015,3.134047249,TH
2015,6.019303318,TJ
2015,6.49999991,TM
2015,2.480040402,TL
2015,1.113744024,TO
2015,-0.564816953,TT
2015,0.967703108,TN
2015,10.41666667,TV
2015,6.160628774,TZ
2015,5.18785986,UG
2015,-9.772987213,UA
2015,0.370741258,UY
2015,2.945550456,US
2015,7.218773508,UZ
2015,2.783161194,VC
2015,,VG
2015,3.965919464,VU
2015,3.850361817,WS
2015,5.916231283,XK
2015,1.321862237,ZA
2015,2.920375112,ZM
2015,1.779853541,ZW
2016,1.71962498,AW
2016,2.260314203,AF
2016,-2.580049644,AO
2016,3.908935514,AL
2016,3.70967807,AD
2016,5.56149076,AE
2016,-2.080327844,AR
2016,0.2,AM
2016,-1.679389313,AS
2016,4.120367544,AG
2016,2.759385972,AU
2016,2.117219645,AT
2016,-3.063598454,AZ
2016,-0.600000909,BI
2016,1.19350273,BE
2016,3.339673426,BJ
2016,5.957976708,BF
2016,7.113478213,BD
2016,3.026628931,BG
2016,3.814993274,BH
2016,3.242255212,BA
2016,-2.526446436,BY
2016,0.054551654,BZ
2016,-0.657206304,BM
2016,4.263920864,BO
2016,-3.275916908,BR
2016,1.791930334,BB
2016,8.475943392,BT
2016,7.204424759,BW
2016,4.750316841,CF
2016,1.038550925,CA
2016,2.06868969,CH
2016,1.753038749,CL
2016,6.775555628,CN
2016,7.17275964,CI
2016,4.535794237,CM
2016,2.087382502,CO
2016,4.204323252,CR
2016,0.512843096,CU
2016,-1.067708487,CW
2016,3.239974339,KY
2016,6.573590809,CY
2016,2.580870139,CZ
2016,2.294710664,DE
2016,7.123432337,DJ
2016,1.447245565,DM
2016,3.073045492,DK
2016,6.719740787,DO
2016,3.9,DZ
2016,-0.687954246,EC
2016,,ER
2016,2.915155986,ES
2016,3.093019208,EE
2016,9.433482658,ET
2016,2.571934149,FI
2016,2.445651797,FJ
2016,0.860031075,FR
2016,1.386447959,FO
2016,2.091442208,GA
2016,1.921710099,GB
2016,3.45021518,GE
2016,3.37346575,GH
2016,,GI
2016,10.8206272,GN
2016,5.432678265,GW
2016,-8.816417232,GQ
2016,-0.031794768,GR
2016,3.739603956,GD
2016,4.68195411,GL
2016,2.677802733,GT
2016,0.181983621,GU
2016,3.807456264,GY
2016,3.892972197,HN
2016,3.461129474,HR
2016,1.812468078,HT
2016,2.438641413,HU
2016,5.033069183,ID
2016,8.256305502,IN
2016,1.222638492,IE
2016,13.78737302,IQ
2016,6.303687125,IS
2016,4.459782719,IL
2016,1.236221085,IT
2016,1.375223064,JM
2016,1.994180849,JO
2016,0.753826746,JP
2016,1.099999999,KZ
2016,4.213517068,KE
2016,4.335855922,KG
2016,7.905501161,KH
2016,7.088034658,KI
2016,3.932703193,KN
2016,2.926075877,KW
2016,1.554549409,LB
2016,-1.554958617,LR
2016,-1.490941117,LY
2016,3.427872145,LC
2016,,LI
2016,5.05362489,LK
2016,3.608907317,LS
2016,2.671922151,LT
2016,4.978190115,LU
2016,2.55168602,LV
2016,0.521185506,MA
2016,3.008443588,MC
2016,4.646014363,MD
2016,3.993146062,MG
2016,6.375283031,MV
2016,1.772493234,MX
2016,2.504082744,MH
2016,2.848205194,MK
2016,6.005063086,ML
2016,4.077719295,MT
2016,5.862472915,MM
2016,2.949280321,ME
2016,1.489784487,MN
2016,29.21212121,MP
2016,4.696990242,MZ
2016,1.260909231,MR
2016,3.862468263,MU
2016,2.499999999,MW
2016,4.449781398,MY
2016,0.03379445,NA
2016,,NC
2016,5.740893151,NE
2016,-1.616868949,NG
2016,4.563147395,NI
2016,2.42428573,NL
2016,1.164724239,NO
2016,0.433113719,NP
2016,4.363240539,NR
2016,3.779110684,NZ
2016,5.046423946,OM
2016,6.573838285,PK
2016,4.571967079,PA
2016,3.953318715,PE
2016,7.14945675,PH
2016,5.489573153,PG
2016,3.031177676,PL
2016,2.004141286,PT
2016,4.268025833,PY
2016,2.302198237,PF
2016,3.064191884,QA
2016,2.859932523,RO
2016,0.193690071,RU
2016,5.970745254,RW
2016,1.704074658,SA
2016,3.467642184,SD
2016,6.356068572,SN
2016,3.747578488,SG
2016,5.554731534,SB
2016,6.437436528,SL
2016,2.539062411,SV
2016,2.344405861,SM
2016,7.0348726,SO
2016,2.975197792,RS
2016,,SS
2016,5.176824687,ST
2016,-4.911660509,SR
2016,1.947818415,SK
2016,3.034414867,SI
2016,2.349740807,SE
2016,4.675845837,SZ
2016,12.11752725,SC
2016,7.251186276,TC
2016,-4.129928372,TD
2016,4.214895609,TG
2016,3.435157717,TH
2016,6.9,TJ
2016,6.199999966,TM
2016,3.009930626,TL
2016,6.598698794,TO
2016,-7.403453266,TT
2016,1.117425949,TN
2016,5.660377358,TV
2016,6.867116196,TZ
2016,4.781000293,UG
2016,2.440981945,UA
2016,1.68979823,UY
2016,1.819451476,US
2016,5.9321508,UZ
2016,4.145931682,VC
2016,,VG
2016,3.471544715,VU
2016,7.983862878,WS
2016,5.571775047,XK
2016,0.664552308,ZA
2016,3.755100317,ZM
2016,0.755794054,ZW
2017,7.048533386,AW
2017,2.647003203,AF
2017,-0.147212941,AO
2017,3.283175933,AL
2017,0.34607189,AD
2017,0.735068714,AE
2017,2.818502978,AR
2017,7.500000002,AM
2017,-6.98757764,AS
2017,2.71272658,AG
2017,2.279591798,AU
2017,2.27224992,AT
2017,0.153614647,AZ
2017,0.500001262,BI
2017,1.474467616,BE
2017,5.671561952,BJ
2017,6.203489411,BF
2017,6.590249998,BD
2017,2.745926447,BG
2017,4.953835341,BH
2017,3.244100959,BA
2017,2.5321835,BY
2017,-1.812853541,BZ
2017,3.611419837,BM
2017,4.195206334,BO
2017,1.322869054,BR
2017,0.128446002,BB
2017,2.086845227,BT
2017,4.11437856,BW
2017,4.527278213,CF
2017,3.033834912,CA
2017,1.362799655,CH
2017,1.357695373,CL
2017,6.891266362,CN
2017,7.410762426,CI
2017,3.541176549,CM
2017,1.359360868,CO
2017,4.157698963,CR
2017,1.809791772,CU
2017,-1.276208101,CW
2017,3.184045923,KY
2017,5.750832366,CY
2017,5.1735653,CZ
2017,2.716024546,DE
2017,5.458091517,DJ
2017,-7.544363755,DM
2017,3.056477239,DK
2017,3.933861764,DO
2017,1.499999999,DZ
2017,5.97039881,EC
2017,,ER
2017,2.896042079,ES
2017,5.63467249,EE
2017,9.564189658,ET
2017,3.303370036,FI
2017,5.35336456,FJ
2017,2.08361486,FR
2017,3.512013675,FO
2017,0.472642031,GA
2017,2.656504876,GB
2017,5.159902617,GE
2017,8.128894881,GH
2017,,GI
2017,10.30000534,GN
2017,4.663679439,GW
2017,-5.667508505,GQ
2017,1.473124727,GR
2017,4.438675669,GD
2017,0.052728183,GL
2017,3.079851271,GT
2017,0.890099909,GU
2017,3.734491546,GY
2017,4.842913911,HN
2017,3.280958121,HR
2017,2.510271345,HT
2017,4.124183895,HU
2017,5.069785901,ID
2017,6.795383419,IN
2017,10.04962848,IE
2017,-1.819750351,IQ
2017,4.194948789,IS
2017,4.346931167,IL
2017,1.603699953,IT
2017,0.997123062,JM
2017,2.473598154,JO
2017,1.675331752,JP
2017,4.100000003,KZ
2017,3.837958174,KE
2017,4.739937224,KG
2017,8.075039155,KH
2017,3.749117826,KI
2017,0.220941147,KN
2017,-4.712222701,KW
2017,0.903028464,LB
2017,2.45515592,LR
2017,32.49180219,LY
2017,3.379826173,LC
2017,,LI
2017,6.460681271,LK
2017,-3.138174937,LS
2017,4.612243103,LT
2017,1.317187138,LU
2017,3.398948726,LV
2017,5.057898162,MA
2017,-3.206183238,MC
2017,4.175612051,MD
2017,3.933307595,MG
2017,7.074428717,MV
2017,1.871728542,MX
2017,3.558151885,MH
2017,1.081772738,MK
2017,5.375547696,ML
2017,12.97211934,MT
2017,6.136108244,MM
2017,4.716465276,ME
2017,5.636876387,MN
2017,23.17073171,MP
2017,2.638207373,MZ
2017,6.270545669,MR
2017,3.937983806,MU
2017,4.000000001,MW
2017,5.81272241,MY
2017,-1.027248089,NA
2017,,NC
2017,5.005360786,NE
2017,0.805886619,NG
2017,4.631207576,NI
2017,2.781546193,NL
2017,2.463746266,NO
2017,8.977279356,NP
2017,-6.011229987,NR
2017,3.378732195,NZ
2017,0.304057566,OM
2017,4.432625907,PK
2017,5.744059464,PA
2017,2.518835442,PE
2017,6.930988326,PH
2017,3.534610818,PG
2017,5.152457733,PL
2017,3.314720564,PT
2017,4.810078856,PY
2017,4.292633631,PF
2017,-1.497604702,QA
2017,8.195478266,RO
2017,1.825790064,RU
2017,3.918170936,RW
2017,1.182079933,SA
2017,0.709256285,SD
2017,7.407486186,SN
2017,4.476899158,SG
2017,3.075348034,SB
2017,3.207860877,SL
2017,2.247619081,SV
2017,0.258265466,SM
2017,14.7357956,SO
2017,2.363393787,RS
2017,,SS
2017,4.112979663,ST
2017,1.566037825,SR
2017,2.874733275,SK
2017,5.174402156,SI
2017,1.825156018,SE
2017,1.456792976,SZ
2017,6.954162188,SC
2017,-2.490222604,TC
2017,-1.627993671,TD
2017,4.008133262,TG
2017,4.177681032,TH
2017,7.100000419,TJ
2017,6.500000047,TM
2017,-3.182415225,TL
2017,3.202319762,TO
2017,-4.818588907,TT
2017,2.23783868,TN
2017,2.448392857,TV
2017,6.762277168,TZ
2017,3.131405517,UG
2017,2.359972281,UA
2017,1.740376434,UY
2017,2.457622302,US
2017,4.395274633,UZ
2017,1.448830634,VC
2017,,VG
2017,4.412665986,VU
2017,1.4062824,WS
2017,4.825655653,XK
2017,1.157946952,ZA
2017,3.525862771,ZM
2017,4.734411226,ZW
2018,2.3970862,AW
2018,1.189228129,AF
2018,-1.316361689,AO
2018,3.671419281,AL
2018,1.58876549,AD
2018,1.313913882,AE
2018,-2.617396463,AR
2018,5.2,AM
2018,2.671118531,AS
2018,6.712004872,AG
2018,2.878469715,AU
2018,2.484221141,AT
2018,1.500401707,AZ
2018,1.609935421,BI
2018,1.877968474,BE
2018,6.697253622,BJ
2018,6.604569068,BF
2018,7.31941263,BD
2018,2.549464347,BG
2018,2.05258865,BH
2018,3.827499205,BA
2018,3.149197594,BY
2018,1.11057125,BZ
2018,-0.4328013,BM
2018,4.223623653,BO
2018,1.783666762,BR
2018,-1.174065094,BB
2018,3.501871857,BT
2018,4.18869239,BW
2018,3.789443593,CF
2018,2.742963449,CA
2018,2.860445794,CH
2018,3.990029478,CL
2018,6.756718002,CN
2018,4.843146059,CI
2018,3.955514239,CM
2018,2.564324283,CO
2018,2.615904404,CR
2018,2.247948541,CU
2018,-2.104111331,CW
2018,4.267267452,KY
2018,6.271663601,CY
2018,2.830305883,CZ
2018,1.116443109,DE
2018,4.774339349,DJ
2018,2.96401061,DM
2018,1.86000749,DK
2018,7.097516402,DO
2018,1.400000001,DZ
2018,1.044294607,EC
2018,,ER
2018,2.395411245,ES
2018,3.699697562,EE
2018,6.816147786,ET
2018,1.192977597,FI
2018,3.812351222,FJ
2018,1.645908724,FR
2018,2.763709523,FO
2018,0.837916581,GA
2018,1.40519026,GB
2018,6.062036413,GE
2018,6.200077681,GH
2018,,GI
2018,6.358491927,GN
2018,3.761453596,GW
2018,-6.236544067,GQ
2018,2.064672079,GR
2018,4.361440394,GD
2018,0.623065429,GL
2018,3.406873465,GT
2018,-0.828231905,GU
2018,4.440912885,GY
2018,3.84499477,HN
2018,2.904681493,HR
2018,1.667810955,HT
2018,5.606138138,HU
2018,5.17429154,ID
2018,6.453851345,IN
2018,7.544342141,IE
2018,2.633850991,IQ
2018,4.889173002,IS
2018,4.003898622,IL
2018,0.826646712,IT
2018,1.889923681,JM
2018,1.919070913,JO
2018,0.643391024,JP
2018,4.099999993,KZ
2018,5.647946407,KE
2018,3.757910136,KG
2018,8.776223762,KH
2018,3.479439721,KI
2018,2.003525498,KN
2018,2.743330539,KW
2018,-1.884705756,LB
2018,1.157575122,LR
2018,7.941367853,LY
2018,2.886779022,LC
2018,,LI
2018,2.310084255,LK
2018,-1.480633158,LS
2018,4.918367801,LT
2018,1.611295613,LU
2018,4.309712863,LV
2018,3.06564133,MA
2018,5.697901212,MC
2018,4.075595466,MD
2018,3.194356517,MG
2018,8.568955597,MV
2018,1.972082077,MX
2018,5.487179487,MH
2018,2.88059671,MK
2018,4.867849999,ML
2018,7.189096537,MT
2018,6.268862215,MM
2018,5.077888811,ME
2018,7.74488062,MN
2018,-19.49733435,MP
2018,3.484932024,MZ
2018,4.772173657,MR
2018,4.006740572,MU
2018,4.353564716,MW
2018,4.843086976,MY
2018,1.059939499,NA
2018,3.995707282,NC
2018,7.211418028,NE
2018,1.922757342,NG
2018,-3.36335666,NI
2018,2.258740374,NL
2018,0.828931501,NO
2018,7.622376104,NP
2018,-1.219122015,NR
2018,3.470582039,NZ
2018,1.287103915,OM
2018,6.151702611,PK
2018,3.918198074,PA
2018,3.969351341,PE
2018,6.341485572,PH
2018,-0.279252285,PG
2018,6.245858472,PL
2018,2.94628244,PT
2018,3.204250341,PY
2018,1.871231911,PF
2018,1.234872202,QA
2018,6.120930007,RO
2018,2.807245411,RU
2018,8.516467226,RW
2018,3.22695089,SA
2018,-2.68093055,SD
2018,6.209241034,SN
2018,3.451975966,SG
2018,2.745995423,SB
2018,2.893856412,SL
2018,2.412444224,SV
2018,1.493905318,SM
2018,2.054315073,SO
2018,4.649350355,RS
2018,,SS
2018,4.378128083,ST
2018,4.948271085,SR
2018,4.062119819,SK
2018,4.379083473,SI
2018,1.902964573,SE
2018,0.256586002,SZ
2018,4.939472723,SC
2018,91.13703887,TC
2018,5.741115808,TD
2018,4.79506027,TG
2018,4.222870287,TH
2018,7.59999889,TJ
2018,6.199999941,TM
2018,0.000114755,TL
2018,0.687546507,TO
2018,-0.985525083,TT
2018,2.624930109,TN
2018,1.387283842,TV
2018,5.468081815,TZ
2018,6.303923783,UG
2018,3.48836234,UA
2018,0.164777609,UY
2018,2.966505069,US
2018,5.559195729,UZ
2018,3.175611442,VC
2018,,VG
2018,2.900230273,VU
2018,-0.609647103,WS
2018,3.406632271,XK
2018,1.556783847,ZA
2018,4.034493897,ZM
2018,5.009921382,ZW
2019,-2.232442027,AW
2019,3.911603416,AF
2019,-0.702272958,AO
2019,2.062577902,AL
2019,2.015547638,AD
2019,1.108348135,AE
2019,-2.000861003,AR
2019,7.599999999,AM
2019,-0.487804878,AS
2019,3.172221937,AG
2019,2.171545057,AU
2019,1.754976196,AT
2019,2.479808934,AZ
2019,1.812565324,BI
2019,2.442890045,BE
2019,6.865686628,BJ
2019,5.889204971,BF
2019,7.881915151,BD
2019,3.788850365,BG
2019,2.052877744,BH
2019,2.887343344,BA
2019,1.446455477,BY
2019,4.267636896,BZ
2019,0.307106461,BM
2019,2.21670564,BO
2019,1.220777824,BR
2019,0.652585418,BB
2019,5.755148512,BT
2019,3.031773371,BW
2019,3.1,CF
2019,1.908431946,CA
2019,1.14198219,CH
2019,0.634367534,CL
2019,6.068502351,CN
2019,6.721371676,CI
2019,3.475059982,CM
2019,3.186855392,CO
2019,2.417511818,CR
2019,-0.163087224,CU
2019,-3.206131719,CW
2019,3.915635342,KY
2019,5.875595834,CY
2019,3.565776581,CZ
2019,0.98789335,DE
2019,5.545080812,DJ
2019,3.948097579,DM
2019,1.711400939,DK
2019,4.894030115,DO
2019,0.899999999,DZ
2019,0.165404465,EC
2019,,ER
2019,1.961178508,ES
2019,3.726649435,EE
2019,8.364085733,ET
2019,1.349738457,FI
2019,-0.581946709,FJ
2019,2.027446464,FR
2019,4.538510287,FO
2019,3.920808795,GA
2019,1.62447518,GB
2019,5.380719266,GE
2019,6.507774794,GH
2019,,GI
2019,5.616914469,GN
2019,5.565745336,GW
2019,-5.481825379,GQ
2019,2.277180653,GR
2019,0.676511739,GD
2019,2.832177568,GL
2019,4.017897934,GT
2019,2.523602033,GU
2019,5.352840035,GY
2019,2.559634346,HN
2019,3.100439114,HR
2019,-1.723096998,HT
2019,5.077184951,HU
2019,5.01928768,ID
2019,3.871436941,IN
2019,5.040549962,IE
2019,5.513790575,IQ
2019,1.861177946,IS
2019,3.710496328,IL
2019,0.429162534,IT
2019,0.892291654,JM
2019,1.751240779,JO
2019,-0.402169201,JP
2019,4.500000001,KZ
2019,5.114158858,KE
2019,4.600625657,KG
2019,7.936950136,KH
2019,3.264287565,KI
2019,2.938246581,KN
2019,2.263816906,KW
2019,-6.914924729,LB
2019,-2.467297635,LR
2019,-11.19608289,LY
2019,-0.700322396,LC
2019,,LI
2019,-0.220483887,LK
2019,-1.417993831,LS
2019,4.677351835,LT
2019,2.749319291,LU
2019,0.675372772,LV
2019,2.890974761,MA
2019,7.12088952,MC
2019,3.552314085,MD
2019,4.411232129,MG
2019,6.923059808,MV
2019,-0.392690505,MX
2019,10.45211473,MH
2019,3.910419538,MK
2019,4.999999117,ML
2019,4.084706028,MT
2019,6.579110068,MM
2019,4.062944992,ME
2019,5.602244221,MN
2019,-11.4474929,MP
2019,2.317813948,MZ
2019,3.141004893,MR
2019,2.891284993,MU
2019,5.716825192,MW
2019,4.413187421,MY
2019,-0.839152163,NA
2019,-1.400000002,NC
2019,5.939852571,NE
2019,2.208429277,NG
2019,-2.896869867,NI
2019,2.300091579,NL
2019,1.12374695,NO
2019,6.657055431,NP
2019,8.486736592,NR
2019,2.31747144,NZ
2019,-1.128638017,OM
2019,2.497636929,PK
2019,3.103067886,PA
2019,2.240631769,PE
2019,6.118525662,PH
2019,4.480514569,PG
2019,4.580458173,PL
2019,2.745684796,PT
2019,-0.401855101,PY
2019,2.700012067,PF
2019,0.688240955,QA
2019,3.92326385,RO
2019,2.198075713,RU
2019,9.447385186,RW
2019,1.651563589,SA
2019,-2.178251045,SD
2019,4.613628097,SN
2019,1.308041182,SG
2019,1.748566555,SB
2019,5.502709374,SL
2019,2.437471591,SV
2019,2.065685147,SM
2019,2.824313365,SO
2019,4.750207939,RS
2019,,SS
2019,2.014316721,ST
2019,1.167589772,SR
2019,2.2758991,SK
2019,3.505253324,SI
2019,2.549647872,SE
2019,6.083176451,SZ
2019,5.514292074,SC
2019,4.981705494,TC
2019,5.388656469,TD
2019,4.922925917,TG
2019,2.114557796,TH
2019,7.400000163,TJ
2019,6.300000042,TM
2019,23.41201358,TL
2019,-0.208433391,TO
2019,0.471813384,TT
2019,1.587846655,TN
2019,13.82209844,TV
2019,5.8,TZ
2019,6.438745033,UG
2019,3.199503864,UA
2019,0.928351141,UY
2019,2.58382533,US
2019,6.779923997,UZ
2019,0.668428481,VC
2019,,VG
2019,3.241187655,VU
2019,4.451858917,WS
2019,4.75680057,XK
2019,0.259935577,ZA
2019,1.441306026,ZM
2019,-6.332449751,ZW
2020,-26.21182021,AW
2020,-2.351100672,AF
2020,-5.638214717,AO
2020,-3.313756369,AL
2020,-11.18393994,AD
2020,-4.957052433,AE
2020,-9.900484814,AR
2020,-7.199999999,AM
2020,4.411764706,AS
2020,-18.86877652,AG
2020,-0.119590736,AU
2020,-6.318255092,AT
2020,-4.198960792,AZ
2020,0.327156893,BI
2020,-4.792983908,BE
2020,3.8487924,BJ
2020,2.010772624,BF
2020,3.448017551,BD
2020,-3.215737434,BG
2020,-5.911362952,BH
2020,-3.015095148,BA
2020,-0.672742951,BY
2020,-13.90291006,BZ
2020,-6.827573035,BM
2020,-8.737884358,BO
2020,-3.276758796,BR
2020,-15.05436295,BB
2020,-10.21839742,BT
2020,-8.728882411,BW
2020,0.899999997,CF
2020,-5.038233435,CA
2020,-2.14173712,CH
2020,-6.143474792,CL
2020,2.340188431,CN
2020,0.699728593,CI
2020,0.259932916,CM
2020,-7.185914138,CO
2020,-4.273354322,CR
2020,-10.9490846,CU
2020,-18.43847035,CW
2020,-4.954806408,KY
2020,-3.220630186,CY
2020,-5.304879555,CZ
2020,-4.095137517,DE
2020,1.202115173,DJ
2020,-15.70640245,DM
2020,-1.780106018,DK
2020,-7.929052342,DO
2020,-4.999999999,DZ
2020,-9.245096192,EC
2020,,ER
2020,-10.94007064,ES
2020,-2.883807515,EE
2020,6.059530891,ET
2020,-2.491036055,FI
2020,-17.03866737,FJ
2020,-7.440645899,FR
2020,-1.63732118,FO
2020,-1.837761064,GA
2020,-10.29691886,GB
2020,-6.290471785,GE
2020,0.513941671,GH
2020,,GI
2020,4.704590961,GN
2020,2.128114901,GW
2020,-4.791080834,GQ
2020,-9.196231497,GR
2020,-13.75662226,GD
2020,0.250789762,GL
2020,-1.785551945,GT
2020,-10.51885957,GU
2020,43.47965172,GY
2020,-8.965082233,HN
2020,-8.311642579,HR
2020,-3.30550547,HT
2020,-4.3387254,HU
2020,-2.065511829,ID
2020,-5.777724707,IN
2020,7.1578988,IE
2020,-12.03679309,IQ
2020,-6.940453068,IS
2020,-2.021615482,IL
2020,-8.868221222,IT
2020,-9.920322451,JM
2020,-1.102751883,JO
2020,-4.168764571,JP
2020,-2.499999996,KZ
2020,-0.272766327,KE
2020,-7.148977577,KG
2020,-3.555721934,KH
2020,-1.468067181,KI
2020,-15.30188917,KN
2020,-4.817789823,KW
2020,-21.39989969,LB
2020,-2.982491276,LR
2020,-29.45529673,LY
2020,-24.36147321,LC
2020,,LI
2020,-4.624515037,LK
2020,-8.155958799,LS
2020,0.042815834,LT
2020,-0.510051634,LU
2020,-3.469227508,LV
2020,-7.178207442,MA
2020,-13.23910483,MC
2020,-8.27597832,MD
2020,-7.137671621,MG
2020,-32.90882873,MV
2020,-8.354034566,MX
2020,-2.772887324,MH
2020,-4.68845001,MK
2020,-1.16907501,ML
2020,-3.358342532,MT
2020,-9.04834718,MM
2020,-15.30689376,ME
2020,-4.557751976,MN
2020,-29.05982906,MP
2020,-1.2195225,MZ
2020,-0.360657384,MR
2020,-14.54653815,MU
2020,0.79359643,MW
2020,-5.456846584,MY
2020,-8.101402014,NA
2020,-2.400000001,NC
2020,3.550641094,NE
2020,-1.794253083,NG
2020,-2.236541763,NI
2020,-3.867953338,NL
2020,-1.278171772,NO
2020,-2.369620629,NP
2020,1.981819494,NR
2020,-0.307246896,NZ
2020,-3.379720527,OM
2020,-1.274087443,PK
2020,-17.82122997,PA
2020,-10.9333065,PE
2020,-9.51829474,PH
2020,-3.167432044,PG
2020,-2.035568824,PL
2020,-8.204632012,PT
2020,-0.819785391,PY
2020,-7.050944221,PF
2020,-3.55760399,QA
2020,-3.674384409,RO
2020,-2.653654501,RU
2020,-3.373687464,RW
2020,-3.80476473,SA
2020,-3.629800824,SD
2020,1.342073773,SN
2020,-3.814708855,SG
2020,-3.381147541,SB
2020,-1.253349032,SL
2020,-7.89310136,SV
2020,-6.647910818,SM
2020,-2.752481039,SO
2020,-0.950023992,RS
2020,,SS
2020,2.624859495,ST
2020,-15.97519171,SR
2020,-2.585512417,SK
2020,-4.085000949,SI
2020,-2.005337522,SE
2020,-2.862882137,SZ
2020,-11.73986083,SC
2020,-33.81709734,TC
2020,-0.408894363,TD
2020,1.992155019,TG
2020,-6.050038469,TH
2020,4.400001116,TJ
2020,5.900000049,TM
2020,31.96191857,TL
2020,1.783395899,TO
2020,-8.90279446,TT
2020,-9.011934124,TN
2020,-4.274932069,TV
2020,1.991964606,TZ
2020,2.951306422,UG
2020,-3.75281794,UA
2020,-7.357327065,UY
2020,-2.163029139,US
2020,1.563342773,UZ
2020,-4.268924344,VC
2020,,VG
2020,-4.992491429,VU
2020,-3.108444011,WS
2020,-5.340275478,XK
2020,-6.168917715,ZA
2020,-2.785055065,ZM
2020,-7.816932841,ZW
2021,24.13262736,AW
2021,-20.73883937,AF
2021,1.199210521,AO
2021,8.969576191,AL
2021,8.28677879,AD
2021,4.354755297,AE
2021,10.44181199,AR
2021,5.800000001,AM
2021,-0.782472613,AS
2021,8.172863112,AG
2021,2.111168148,AU
2021,4.795328857,AT
2021,5.616440269,AZ
2021,3.099999999,BI
2021,6.207599813,BE
2021,7.155451646,BJ
2021,6.942524926,BF
2021,6.938679124,BD
2021,7.780614814,BG
2021,4.350040917,BH
2021,7.38996234,BA
2021,2.438862124,BY
2021,17.74617012,BZ
2021,4.607429171,BM
2021,6.111372697,BO
2021,4.762604379,BR
2021,-0.25496588,BB
2021,4.421367389,BT
2021,11.91627241,BW
2021,0.982919996,CF
2021,5.950528028,CA
2021,5.559620206,CH
2021,11.31492049,CL
2021,8.570085132,CN
2021,7.063329102,CI
2021,3.338857472,CM
2021,10.80119819,CO
2021,7.935762247,CR
2021,1.253693425,CU
2021,4.183711931,CW
2021,4.904929413,KY
2021,11.38818927,CY
2021,4.029018321,CZ
2021,3.669999884,DE
2021,4.407156676,DJ
2021,5.37983839,DM
2021,7.382066334,DK
2021,14.01242891,DO
2021,3.799999999,DZ
2021,9.42189269,EC
2021,,ER
2021,6.683144205,ES
2021,7.154446763,EE
2021,5.641530693,ET
2021,2.676346415,FI
2021,-4.881036196,FJ
2021,6.882337834,FR
2021,5.504380173,FO
2021,1.467957315,GA
2021,8.575950874,GB
2021,10.64423366,GE
2021,5.076466435,GH
2021,,GI
2021,5.582332811,GN
2021,5.237366406,GW
2021,0.860269956,GQ
2021,8.65449786,GR
2021,4.687478169,GD
2021,1.63409411,GL
2021,8.041703837,GT
2021,2.058183257,GU
2021,20.05999756,GY
2021,12.56528438,HN
2021,12.63170033,HR
2021,-1.798239889,HT
2021,7.222915808,HU
2021,3.702885628,ID
2021,9.689592492,IN
2021,16.25561352,IE
2021,1.50218071,IQ
2021,5.033406131,IS
2021,9.388374034,IL
2021,8.931062108,IT
2021,4.6014245,JM
2021,3.65564359,JO
2021,2.696574042,JP
2021,4.299999997,KZ
2021,7.590489473,KE
2021,5.507007627,KG
2021,3.089842842,KH
2021,8.479737871,KI
2021,0.367606879,KN
2021,1.672636896,KW
2021,-7.001238625,LB
2021,4.986712835,LR
2021,28.33346246,LY
2021,11.59878358,LC
2021,,LI
2021,4.207476495,LK
2021,2.26671067,LS
2021,6.380016062,LT
2021,6.929734258,LU
2021,6.942541731,LV
2021,8.154738898,MA
2021,22.23221559,MC
2021,13.92999979,MD
2021,4.650683432,MG
2021,37.50787,MV
2021,6.048483457,MX
2021,1.222272522,MH
2021,4.51067949,MK
2021,3.100941244,ML
2021,13.29978932,MT
2021,-12.01637248,MM
2021,13.04346425,ME
2021,1.636769577,MN
2021,4.969879518,MP
2021,2.377435728,MZ
2021,0.742715395,MR
2021,3.403798662,MU
2021,4.55829212,MW
2021,3.315349544,MY
2021,3.603829192,NA
2021,-2.099999998,NC
2021,1.383596362,NE
2021,3.647186541,NG
2021,10.45438948,NI
2021,6.276830671,NL
2021,3.908686768,NO
2021,4.838149614,NP
2021,7.206594666,NR
2021,4.535405657,NZ
2021,2.582174989,OM
2021,6.513885759,PK
2021,16.46712492,PA
2021,13.36262409,PE
2021,5.714733132,PH
2021,-0.511353419,PG
2021,6.927182661,PL
2021,5.558757716,PT
2021,4.016737318,PY
2021,2.094529907,PF
2021,1.626846719,QA
2021,5.545709626,RO
2021,5.866491773,RU
2021,10.85843202,RW
2021,6.519596983,SA
2021,-1.868520483,SD
2021,6.5440011,SN
2021,9.756804463,SG
2021,2.564349754,SB
2021,5.896852705,SL
2021,11.9047617,SV
2021,13.89778951,SM
2021,3.458227929,SO
2021,7.949056505,RS
2021,,SS
2021,1.899298913,ST
2021,-2.435385836,SR
2021,5.699592633,SK
2021,8.389651582,SI
2021,5.937508589,SE
2021,3.434968912,SZ
2021,0.552281631,SC
2021,29.62937817,TC
2021,0.293979163,TD
2021,5.990876104,TG
2021,1.552166084,TH
2021,9.39999955,TJ
2021,6.200000017,TM
2021,5.315538537,TL
2021,0.362604273,TO
2021,-0.911992867,TT
2021,4.736320748,TN
2021,1.804135911,TV
2021,4.321384295,TZ
2021,3.536580341,UG
2021,3.445620659,UA
2021,5.844273126,UY
2021,6.055052933,US
2021,8.034683126,UZ
2021,2.093401245,VC
2021,,VG
2021,-1.552294891,VU
2021,-7.078830943,WS
2021,10.74565608,XK
2021,4.955032594,ZA
2021,6.234922047,ZM
2021,8.468039169,ZW
2022,8.517918105,AW
2022,-6.240171992,AF
2022,3.044726524,AO
2022,4.826696119,AL
2022,9.564612256,AD
2022,7.509697035,AE
2022,5.269879674,AR
2022,12.6,AM
2022,1.735015773,AS
2022,9.107806234,AG
2022,4.242385553,AU
2022,5.277894485,AT
2022,4.714680379,AZ
2022,1.848999439,BI
2022,4.259360737,BE
2022,6.252947054,BJ
2022,1.497239741,BF
2022,7.099828776,BD
2022,4.038777583,BG
2022,6.180161255,BH
2022,4.226811011,BA
2022,-4.658395916,BY
2022,9.652977724,BZ
2022,6.476225712,BM
2022,3.605680426,BO
2022,3.016694354,BR
2022,17.83286303,BB
2022,5.213867838,BT
2022,5.486017064,BW
2022,0.453901882,CF
2022,4.189036281,CA
2022,3.04406103,CH
2022,2.153993562,CL
2022,3.134188872,CN
2022,6.399883627,CI
2022,3.736784006,CM
2022,7.328277294,CO
2022,4.55149178,CR
2022,1.775048798,CU
2022,7.923,CW
2022,5.156329542,KY
2022,7.204867807,CY
2022,2.847170658,CZ
2022,1.369731046,DE
2022,5.166537029,DJ
2022,10.39680766,DM
2022,1.540173074,DK
2022,5.237956529,DO
2022,3.600000001,DZ
2022,5.868423549,EC
2022,,ER
2022,6.1793122,ES
2022,0.060430517,EE
2022,5.321759884,ET
2022,0.763041913,FI
2022,19.79272669,FJ
2022,2.570840476,FR
2022,3.556023804,FO
2022,3.037614495,GA
2022,4.839085179,GB
2022,10.95853214,GE
2022,3.80484981,GH
2022,,GI
2022,3.972407842,GN
2022,5.58513728,GW
2022,3.223508317,GQ
2022,5.743649025,GR
2022,7.320740616,GD
2022,2.004555809,GL
2022,4.184518087,GT
2022,5.099864262,GU
2022,63.33463437,GY
2022,4.14356194,HN
2022,7.287936432,HR
2022,-1.681983969,HT
2022,4.270347552,HU
2022,5.307197227,ID
2022,7.609364978,IN
2022,8.619503456,IE
2022,7.95904805,IQ
2022,8.978970852,IS
2022,6.263263438,IL
2022,4.821176699,IT
2022,5.221519852,JM
2022,2.647435149,JO
2022,0.941998775,JP
2022,3.2,KZ
2022,4.859981043,KE
2022,8.9675052,KG
2022,5.129901108,KH
2022,4.566325931,KI
2022,10.34240405,KN
2022,6.758667047,KW
2022,-0.621678971,LB
2022,4.808105173,LR
2022,-8.251630041,LY
2022,20.38844318,LC
2022,,LI
2022,-7.349193013,LK
2022,2.387780202,LS
2022,2.53752574,LT
2022,-1.095053512,LU
2022,1.80677198,LV
2022,1.52720358,MA
2022,11.04693943,MC
2022,-4.6,MD
2022,4.156097784,MG
2022,13.82608953,MV
2022,3.710988931,MX
2022,-1.118067979,MH
2022,2.758884153,MK
2022,3.50828279,ML
2022,4.26931853,MT
2022,4.037493436,MM
2022,6.406680329,ME
2022,5.032709637,MN
2022,16.64275466,MP
2022,4.364450744,MZ
2022,6.796005102,MR
2022,8.693066753,MU
2022,0.921115069,MW
2022,8.861821876,MY
2022,5.398724762,NA
2022,3.499999996,NC
2022,11.9,NE
2022,3.251681408,NG
2022,3.550299456,NI
2022,5.007234552,NL
2022,3.246228603,NO
2022,5.631314557,NP
2022,2.951518346,NR
2022,3.496386865,NZ
2022,7.985707284,OM
2022,4.778106869,PK
2022,10.76966587,PA
2022,2.809033553,PE
2022,7.580982128,PH
2022,5.707584042,PG
2022,5.255456974,PL
2022,6.985841781,PT
2022,0.176038366,PY
2022,4.4663797,PF
2022,4.18500971,QA
2022,3.965307663,RO
2022,-1.435882139,RU
2022,8.161207209,RW
2022,12.00058748,SA
2022,-0.957816591,SD
2022,3.850431937,SN
2022,4.108000219,SG
2022,2.402481436,SB
2022,5.313554614,SL
2022,2.954615165,SV
2022,7.898441458,SM
2022,2.727114296,SO
2022,2.630986444,RS
2022,,SS
2022,0.168698492,ST
2022,2.406222356,SR
2022,0.437359509,SK
2022,2.699238745,SI
2022,1.4592885,SE
2022,1.119590668,SZ
2022,12.71046889,SC
2022,14.08712342,TC
2022,12.89661643,TD
2022,5.759542515,TG
2022,2.580378747,TH
2022,8.000000338,TJ
2022,6.199999936,TM
2022,-20.54158475,TL
2022,-2.309864445,TO
2022,1.08222234,TT
2022,2.673318218,TN
2022,0.677309361,TV
2022,4.566005764,TZ
2022,4.588021922,UG
2022,-28.75858422,UA
2022,4.486227031,UY
2022,2.51237532,US
2022,6.001342322,UZ
2022,3.110833003,VC
2022,,VG
2022,5.186228624,VU
2022,-5.3062909,WS
2022,4.278498958,XK
2022,1.91147996,ZA
2022,5.211223604,ZM
2022,6.139176174,ZW
2023,4.263719415,AW
2023,2.266943736,AF
2023,1.07809952,AO
2023,3.936616892,AL
2023,2.58355481,AD
2023,3.618706531,AE
2023,-1.611001621,AR
2023,8.3,AM
2023,,AS
2023,2.427363001,AG
2023,3.4419922,AU
2023,-0.954962529,AT
2023,1.354477318,AZ
2023,2.665539604,BI
2023,1.201691782,BE
2023,6.352777385,BJ
2023,2.960181474,BF
2023,5.77511237,BD
2023,1.886814839,BG
2023,3.878116148,BH
2023,1.994395203,BA
2023,4.126540072,BY
2023,1.149016821,BZ
2023,4.917215573,BM
2023,3.08196521,BO
2023,3.241655329,BR
2023,4.09382011,BB
2023,4.882593963,BT
2023,3.208068122,BW
2023,0.69996839,CF
2023,1.528745508,CA
2023,0.683328174,CH
2023,0.521367977,CL
2023,5.414843301,CN
2023,6.450457969,CI
2023,3.248344978,CM
2023,0.712380032,CO
2023,5.111921832,CR
2023,-1.929371232,CU
2023,4.202,CW
2023,4.359675957,KY
2023,2.763909754,CY
2023,-0.05526182,CZ
2023,-0.266438401,DE
2023,7.372071487,DJ
2023,3.652210122,DM
2023,2.495184345,DK
2023,2.192298482,DO
2023,4.1,DZ
2023,1.98823814,EC
2023,,ER
2023,2.675663463,ES
2023,-3.023038745,EE
2023,6.594245994,ET
2023,-0.946904863,FI
2023,7.524291351,FJ
2023,0.936487519,FR
2023,2.489058117,FO
2023,2.445880831,GA
2023,0.397082346,GB
2023,7.832201266,GE
2023,3.140090998,GH
2023,,GI
2023,5.541726686,GN
2023,4.463699361,GW
2023,-5.089308721,GQ
2023,2.332124449,GR
2023,4.679761816,GD
2023,0.865961987,GL
2023,3.533156701,GT
2023,,GU
2023,33.79501112,GY
2023,3.575847605,HN
2023,3.302544881,HR
2023,-1.863884203,HT
2023,-0.842528841,HU
2023,5.049023318,ID
2023,9.19075493,IN
2023,-5.530007389,IE
2023,0.517705525,IQ
2023,5.646461819,IS
2023,1.826520495,IL
2023,0.715372501,IT
2023,2.604663055,JM
2023,2.884083393,JO
2023,1.475034811,JP
2023,5.1,KZ
2023,5.555873013,KE
2023,9.013292834,KG
2023,5.007330438,KH
2023,2.652010875,KI
2023,4.328557716,KN
2023,-1.667205897,KW
2023,-0.76058447,LB
2023,4.683756888,LR
2023,10.15581818,LY
2023,2.209882765,LC
2023,,LI
2023,-2.32984819,LK
2023,1.826625259,LS
2023,0.342262716,LT
2023,-0.693632728,LU
2023,2.854218001,LV
2023,3.403341301,MA
2023,5.043382592,MC
2023,1.2,MD
2023,4.203046158,MG
2023,4.72639195,MV
2023,3.295390957,MX
2023,-3.934871099,MH
2023,2.072542088,MK
2023,4.71716104,ML
2023,6.796313111,MT
2023,0.958446625,MM
2023,6.337697542,ME
2023,7.422112762,MN
2023,,MP
2023,5.436859123,MZ
2023,6.507187199,MR
2023,5.007813818,MU
2023,1.892457988,MW
2023,3.555487154,MY
2023,4.442806038,NA
2023,,NC
2023,1.667634065,NE
2023,2.860214991,NG
2023,4.427743848,NI
2023,0.074560835,NL
2023,0.072120481,NO
2023,1.982548436,NP
2023,0.646410335,NR
2023,1.394251816,NZ
2023,1.187134896,OM
2023,-0.039838972,PK
2023,7.399301556,PA
2023,-0.403242151,PE
2023,5.518949679,PH
2023,3.810886229,PG
2023,0.249610834,PL
2023,2.613128544,PT
2023,4.999227911,PY
2023,2.996927078,PF
2023,1.187159916,QA
2023,2.404271779,RO
2023,4.082524813,RU
2023,8.24990302,RW
2023,0.542592439,SA
2023,-29.43327183,SD
2023,4.257430833,SN
2023,1.821406941,SG
2023,2.656361867,SB
2023,5.710021898,SL
2023,3.539156693,SV
2023,,SM
2023,4.216384326,SO
2023,3.847471128,RS
2023,,SS
2023,0.372252775,ST
2023,2.539566754,SR
2023,2.168149116,SK
2023,2.112590985,SI
2023,-0.114161935,SE
2023,3.444478312,SZ
2023,2.259253223,SC
2023,13.73114811,TC
2023,4.117451792,TD
2023,6.407922156,TG
2023,2.017750953,TH
2023,8.299999217,TJ
2023,6.300157585,TM
2023,-18.12479096,TL
2023,2.084155836,TO
2023,1.427113398,TT
2023,0.039156567,TN
2023,3.852809195,TV
2023,5.069523532,TZ
2023,5.336972955,UG
2023,5.534733547,UA
2023,0.742128785,UY
2023,2.887556009,US
2023,6.291416351,UZ
2023,5.326364721,VC
2023,,VG
2023,-0.964792282,VU
2023,9.20864924,WS
2023,4.067627014,XK
2023,0.698485194,ZA
2023,5.367942855,ZM
2023,5.336770373,ZW
2024,,AW
2024,,AF
2024,4.423904529,AO
2024,3.961719112,AL
2024,3.371820326,AD
2024,3.761615446,AE
2024,-1.719105147,AR
2024,5.9,AM
2024,,AS
2024,4.32752145,AG
2024,1.43111252,AU
2024,-1.173540536,AT
2024,4.071402105,AZ
2024,3.489231748,BI
2024,1.018898625,BE
2024,7.453115662,BJ
2024,4.985103006,BF
2024,4.223259113,BD
2024,2.810827752,BG
2024,3.017248391,BH
2024,2.480047084,BA
2024,4.009848525,BY
2024,8.151789827,BZ
2024,2.105368822,BM
2024,1.38468279,BO
2024,3.395866455,BR
2024,3.800000319,BB
2024,,BT
2024,-2.989868795,BW
2024,1.539632475,CF
2024,1.528081109,CA
2024,1.302333325,CH
2024,2.644311549,CL
2024,4.977356592,CN
2024,5.95,CI
2024,3.670742847,CM
2024,1.74380145,CO
2024,4.321224296,CR
2024,,CU
2024,,CW
2024,,KY
2024,3.448061704,CY
2024,1.120384627,CZ
2024,-0.238526858,DE
2024,5.953829989,DJ
2024,2.052738473,DM
2024,3.67619735,DK
2024,4.951696872,DO
2024,3.299999999,DZ
2024,-2.001254763,EC
2024,,ER
2024,3.150195645,ES
2024,-0.26100621,EE
2024,7.316691128,ET
2024,-0.154214821,FI
2024,3.828998887,FJ
2024,1.166138515,FR
2024,,FO
2024,3.383907608,GA
2024,1.100667866,GB
2024,9.428572202,GE
2024,5.684872604,GH
2024,,GI
2024,5.668523935,GN
2024,4.813485952,GW
2024,0.907248246,GQ
2024,2.271736226,GR
2024,3.693059328,GD
2024,,GL
2024,3.651864629,GT
2024,,GU
2024,43.37200948,GY
2024,3.553970033,HN
2024,3.814945217,HR
2024,-4.169633958,HT
2024,0.512305791,HU
2024,5.030344694,ID
2024,6.48422363,IN
2024,1.221334299,IE
2024,-1.545251983,IQ
2024,0.516863122,IS
2024,0.871968424,IL
2024,0.72579238,IT
2024,-0.718806912,JM
2024,2.488894096,JO
2024,0.083698564,JP
2024,4.8,KZ
2024,4.496498285,KE
2024,9.040135561,KG
2024,6.015814574,KH
2024,5.266899264,KI
2024,1.166440229,KN
2024,-2.560111133,KW
2024,,LB
2024,4.792914822,LR
2024,-0.605832527,LY
2024,3.891750242,LC
2024,,LI
2024,5.00871931,LK
2024,2.762238185,LS
2024,2.772631245,LT
2024,1.031616713,LU
2024,-0.442491126,LV
2024,3.236513735,MA
2024,,MC
2024,0.103059412,MD
2024,4.2,MG
2024,5.133962231,MV
2024,1.454062478,MX
2024,2.770968022,MH
2024,2.756249173,MK
2024,5.004545937,ML
2024,5.969281961,MT
2024,-0.972046414,MM
2024,3.040315798,ME
2024,4.864001434,MN
2024,,MP
2024,1.851775025,MZ
2024,5.2,MR
2024,4.693903184,MU
2024,1.82685,MW
2024,5.114155478,MY
2024,3.711544974,NA
2024,,NC
2024,8.421597895,NE
2024,3.426439471,NG
2024,3.587830229,NI
2024,0.979674922,NL
2024,2.100453278,NO
2024,3.665374307,NP
2024,1.760251622,NR
2024,-0.126462419,NZ
2024,1.67407663,OM
2024,3.234784432,PK
2024,2.861666635,PA
2024,3.303940982,PE
2024,5.692016128,PH
2024,4.095029002,PG
2024,2.923388081,PL
2024,1.92844406,PT
2024,4.249960105,PY
2024,,PF
2024,2.768414336,QA
2024,0.813687203,RO
2024,4.344374755,RU
2024,8.890655296,RW
2024,1.807955151,SA
2024,-13.49329206,SD
2024,6.892007403,SN
2024,4.388023625,SG
2024,2.539341917,SB
2024,4.000000026,SL
2024,2.602020161,SV
2024,,SM
2024,3.972320809,SO
2024,3.878012796,RS
2024,,SS
2024,0.900000599,ST
2024,2.839586028,SR
2024,2.061677718,SK
2024,1.591014799,SI
2024,0.973832213,SE
2024,2.640704616,SZ
2024,3.465680664,SC
2024,5.636825174,TC
2024,3.654451105,TD
2024,5.300005314,TG
2024,2.525961758,TH
2024,8.39999981,TJ
2024,2.264117227,TM
2024,-2.189121556,TL
2024,,TO
2024,1.650603346,TT
2024,1.350652535,TN
2024,,TV
2024,5.526313831,TZ
2024,6.136452018,UG
2024,2.913822215,UA
2024,3.108254781,UY
2024,2.796190356,US
2024,6.5,UZ
2024,4.061834901,VC
2024,,VG
2024,3.967258306,VU
2024,9.422350442,WS
2024,4.412738288,XK
2024,0.579853692,ZA
2024,4.043148299,ZM
2024,2.029484143,ZW
