code,year,estimate
AD,2006,1.28
AD,2007,1.3266666666666667
AD,2008,1.345
AD,2009,1.3516666666666666
AD,2010,1.3333333333333333
AD,2011,1.4066666666666665
AD,2012,1.4100000000000001
AD,2013,1.405
AD,2014,1.3183333333333334
AD,2015,1.3099999999999998
AD,2016,1.3166666666666667
AD,2017,1.39
AD,2018,1.3716666666666668
AD,2019,1.4083333333333332
AD,2020,1.4433333333333334
AD,2021,1.4400000000000002
AD,2022,1.3933333333333333
AD,2023,1.3566666666666667
AE,2006,0.4483333333333333
AE,2007,0.48333333333333334
AE,2008,0.4583333333333333
AE,2009,0.4733333333333334
AE,2010,0.39166666666666666
AE,2011,0.5166666666666667
AE,2012,0.5633333333333334
AE,2013,0.6183333333333333
AE,2014,0.6666666666666666
AE,2015,0.6466666666666666
AE,2016,0.6366666666666666
AE,2017,0.63
AE,2018,0.635
AE,2019,0.6266666666666667
AE,2020,0.6216666666666667
AE,2021,0.6216666666666667
AE,2022,0.6566666666666666
AE,2023,0.6966666666666667
AF,2006,-1.6366666666666667
AF,2007,-1.68
AF,2008,-1.7616666666666667
AF,2009,-1.7816666666666665
AF,2010,-1.75
AF,2011,-1.7283333333333335
AF,2012,-1.5566666666666666
AF,2013,-1.5683333333333334
AF,2014,-1.4716666666666667
AF,2015,-1.495
AF,2016,-1.5650000000000002
AF,2017,-1.6066666666666667
AF,2018,-1.5983333333333334
AF,2019,-1.575
AF,2020,-1.6833333333333333
AF,2021,-1.6833333333333333
AF,2022,-1.7133333333333332
AF,2023,-1.7316666666666667
AG,2006,0.7383333333333333
AG,2007,0.7183333333333334
AG,2008,0.79
AG,2009,0.7916666666666666
AG,2010,0.7966666666666667
AG,2011,0.7983333333333333
AG,2012,0.8183333333333334
AG,2013,0.7916666666666666
AG,2014,0.4083333333333334
AG,2015,0.5516666666666666
AG,2016,0.5266666666666667
AG,2017,0.35833333333333334
AG,2018,0.395
AG,2019,0.4483333333333333
AG,2020,0.4366666666666667
AG,2021,0.39833333333333326
AG,2022,0.41500000000000004
AG,2023,0.55
AI,2006,1.3083333333333333
AI,2007,1.3033333333333335
AI,2008,1.325
AI,2009,1.2483333333333333
AI,2010,1.3233333333333333
AI,2011,1.3416666666666668
AI,2012,1.3283333333333334
AI,2013,1.3316666666666668
AI,2014,0.8459999999999999
AI,2015,0.8300000000000001
AI,2016,0.892
AI,2017,0.798
AI,2018,0.776
AI,2019,0.8800000000000001
AI,2020,0.868
AI,2021,0.884
AI,2022,1.002
AI,2023,1.034
AL,2006,-0.44166666666666665
AL,2007,-0.31
AL,2008,-0.21666666666666667
AL,2009,-0.16166666666666665
AL,2010,-0.17333333333333334
AL,2011,-0.21333333333333335
AL,2012,-0.2416666666666667
AL,2013,-0.19999999999999998
AL,2014,-0.006666666666666654
AL,2015,-0.02833333333333334
AL,2016,-0.009999999999999995
AL,2017,4.625929269271485e-18
AL,2018,-0.01
AL,2019,-0.08833333333333333
AL,2020,-0.11833333333333333
AL,2021,-0.07166666666666666
AL,2022,-0.018333333333333326
AL,2023,0.04666666666666667
AM,2006,-0.36333333333333334
AM,2007,-0.3283333333333333
AM,2008,-0.3
AM,2009,-0.25
AM,2010,-0.31
AM,2011,-0.2866666666666667
AM,2012,-0.18833333333333332
AM,2013,-0.17166666666666666
AM,2014,-0.325
AM,2015,-0.33499999999999996
AM,2016,-0.36166666666666664
AM,2017,-0.3433333333333333
AM,2018,-0.16833333333333333
AM,2019,-0.12833333333333333
AM,2020,-0.15166666666666667
AM,2021,-0.16166666666666665
AM,2022,-0.18666666666666668
AM,2023,-0.15666666666666665
AO,2006,-1.1466666666666667
AO,2007,-1.14
AO,2008,-1.055
AO,2009,-1.0216666666666667
AO,2010,-1.0250000000000001
AO,2011,-1.075
AO,2012,-1.0083333333333333
AO,2013,-1.0683333333333334
AO,2014,-0.9883333333333333
AO,2015,-0.9899999999999999
AO,2016,-0.98
AO,2017,-0.9966666666666667
AO,2018,-0.8766666666666666
AO,2019,-0.8649999999999999
AO,2020,-0.9049999999999999
AO,2021,-0.8333333333333334
AO,2022,-0.785
AO,2023,-0.7600000000000001
AR,2006,-0.19166666666666665
AR,2007,-0.17833333333333334
AR,2008,-0.27999999999999997
AR,2009,-0.36833333333333335
AR,2010,-0.25499999999999995
AR,2011,-0.19833333333333333
AR,2012,-0.2966666666666667
AR,2013,-0.32
AR,2014,-0.3766666666666667
AR,2015,-0.31
AR,2016,-0.00999999999999999
AR,2017,0.013333333333333345
AR,2018,0.010000000000000009
AR,2019,-0.10666666666666669
AR,2020,-0.14833333333333334
AR,2021,-0.21833333333333335
AR,2022,-0.24333333333333332
AR,2023,-0.205
AS,2006,0.5383333333333333
AS,2007,0.7000000000000001
AS,2008,0.7133333333333334
AS,2009,0.715
AS,2010,0.7050000000000001
AS,2011,0.7016666666666667
AS,2012,0.7033333333333335
AS,2013,0.6966666666666667
AS,2014,0.866
AS,2015,0.836
AS,2016,0.8400000000000001
AS,2017,0.8960000000000001
AS,2018,0.8880000000000001
AS,2019,0.945
AS,2020,0.935
AS,2021,0.9400000000000001
AS,2022,0.9633333333333334
AS,2023,0.9460000000000001
AT,2006,1.6183333333333334
AT,2007,1.6900000000000002
AT,2008,1.6366666666666667
AT,2009,1.5266666666666666
AT,2010,1.54
AT,2011,1.4733333333333334
AT,2012,1.5266666666666666
AT,2013,1.54
AT,2014,1.5166666666666666
AT,2015,1.4383333333333332
AT,2016,1.3983333333333334
AT,2017,1.4366666666666665
AT,2018,1.4466666666666665
AT,2019,1.425
AT,2020,1.4233333333333331
AT,2021,1.3583333333333334
AT,2022,1.2933333333333332
AT,2023,1.285
AU,2006,1.5583333333333333
AU,2007,1.59
AU,2008,1.61
AU,2009,1.5883333333333332
AU,2010,1.5916666666666668
AU,2011,1.6166666666666665
AU,2012,1.6050000000000002
AU,2013,1.5733333333333333
AU,2014,1.6033333333333335
AU,2015,1.5283333333333333
AU,2016,1.5483333333333331
AU,2017,1.5133333333333334
AU,2018,1.5433333333333332
AU,2019,1.5116666666666667
AU,2020,1.465
AU,2021,1.4749999999999999
AU,2022,1.4983333333333333
AU,2023,1.5433333333333332
AW,2006,1.0866666666666667
AW,2007,1.08
AW,2008,1.0966666666666667
AW,2009,1.2833333333333334
AW,2010,1.2516666666666667
AW,2011,1.2566666666666666
AW,2012,1.2666666666666666
AW,2013,1.2733333333333334
AW,2014,1.105
AW,2015,1.195
AW,2016,1.1983333333333333
AW,2017,1.2016666666666667
AW,2018,1.1583333333333334
AW,2019,1.14
AW,2020,1.1833333333333333
AW,2021,1.0866666666666667
AW,2022,1.1016666666666668
AW,2023,1.03
AZ,2006,-0.9250000000000002
AZ,2007,-0.8566666666666666
AZ,2008,-0.8033333333333333
AZ,2009,-0.765
AZ,2010,-0.8133333333333334
AZ,2011,-0.855
AZ,2012,-0.8866666666666667
AZ,2013,-0.7366666666666667
AZ,2014,-0.7233333333333333
AZ,2015,-0.7633333333333333
AZ,2016,-0.7200000000000001
AZ,2017,-0.7233333333333333
AZ,2018,-0.6916666666666668
AZ,2019,-0.6716666666666667
AZ,2020,-0.7833333333333333
AZ,2021,-0.615
AZ,2022,-0.695
AZ,2023,-0.6749999999999999
BA,2006,-0.35833333333333334
BA,2007,-0.415
BA,2008,-0.345
BA,2009,-0.37333333333333335
BA,2010,-0.38833333333333336
BA,2011,-0.4066666666666667
BA,2012,-0.27666666666666667
BA,2013,-0.2333333333333333
BA,2014,-0.17500000000000002
BA,2015,-0.33
BA,2016,-0.3
BA,2017,-0.315
BA,2018,-0.385
BA,2019,-0.39666666666666667
BA,2020,-0.49833333333333335
BA,2021,-0.49666666666666665
BA,2022,-0.5016666666666667
BA,2023,-0.45166666666666666
BB,2006,1.1583333333333334
BB,2007,1.1966666666666665
BB,2008,1.1866666666666668
BB,2009,1.105
BB,2010,1.1116666666666666
BB,2011,1.21
BB,2012,1.15
BB,2013,1.1433333333333333
BB,2014,1.03
BB,2015,1.0450000000000002
BB,2016,0.9216666666666667
BB,2017,0.8916666666666666
BB,2018,0.775
BB,2019,0.7666666666666666
BB,2020,0.7733333333333333
BB,2021,0.8066666666666666
BB,2022,0.8033333333333333
BB,2023,0.8300000000000001
BD,2006,-1.0266666666666666
BD,2007,-0.9433333333333334
BD,2008,-0.9
BD,2009,-0.895
BD,2010,-0.86
BD,2011,-0.8566666666666666
BD,2012,-0.8916666666666666
BD,2013,-0.9199999999999999
BD,2014,-0.7966666666666667
BD,2015,-0.8333333333333334
BD,2016,-0.82
BD,2017,-0.83
BD,2018,-0.82
BD,2019,-0.8366666666666666
BD,2020,-0.8250000000000001
BD,2021,-0.8216666666666667
BD,2022,-0.8616666666666667
BD,2023,-0.8150000000000001
BE,2006,1.2983333333333333
BE,2007,1.3016666666666667
BE,2008,1.2383333333333333
BE,2009,1.3133333333333332
BE,2010,1.3316666666666668
BE,2011,1.365
BE,2012,1.3616666666666666
BE,2013,1.3916666666666666
BE,2014,1.3
BE,2015,1.2833333333333334
BE,2016,1.2433333333333334
BE,2017,1.1583333333333334
BE,2018,1.1616666666666666
BE,2019,1.1583333333333334
BE,2020,1.1666666666666667
BE,2021,1.1833333333333333
BE,2022,1.2
BE,2023,1.0966666666666667
BF,2006,-0.35333333333333333
BF,2007,-0.3016666666666667
BF,2008,-0.2616666666666667
BF,2009,-0.26166666666666666
BF,2010,-0.2866666666666667
BF,2011,-0.39166666666666666
BF,2012,-0.425
BF,2013,-0.4916666666666667
BF,2014,-0.515
BF,2015,-0.445
BF,2016,-0.43
BF,2017,-0.42333333333333334
BF,2018,-0.46
BF,2019,-0.5650000000000001
BF,2020,-0.5850000000000001
BF,2021,-0.5916666666666667
BF,2022,-0.7566666666666667
BF,2023,-0.8466666666666667
BG,2006,0.20666666666666667
BG,2007,0.2133333333333333
BG,2008,0.18666666666666665
BG,2009,0.2333333333333333
BG,2010,0.19333333333333336
BG,2011,0.1366666666666667
BG,2012,0.15333333333333332
BG,2013,0.09500000000000001
BG,2014,0.09166666666666667
BG,2015,0.08333333333333333
BG,2016,0.14333333333333334
BG,2017,0.19833333333333333
BG,2018,0.205
BG,2019,0.2316666666666667
BG,2020,0.07666666666666667
BG,2021,0.09499999999999999
BG,2022,0.06333333333333332
BG,2023,0.17333333333333334
BH,2006,0.056666666666666664
BH,2007,0.12166666666666669
BH,2008,0.11166666666666668
BH,2009,0.15166666666666664
BH,2010,0.04833333333333334
BH,2011,-0.065
BH,2012,-0.10499999999999998
BH,2013,-0.12333333333333334
BH,2014,-0.05000000000000001
BH,2015,-0.09333333333333334
BH,2016,-0.1516666666666667
BH,2017,-0.25999999999999995
BH,2018,-0.25666666666666665
BH,2019,-0.15333333333333332
BH,2020,-0.11666666666666663
BH,2021,0.013333333333333345
BH,2022,0.06833333333333336
BH,2023,0.11333333333333336
BI,2006,-1.0883333333333334
BI,2007,-1.1416666666666666
BI,2008,-1.14
BI,2009,-1.0816666666666668
BI,2010,-1.1983333333333333
BI,2011,-1.2
BI,2012,-1.2333333333333334
BI,2013,-1.1300000000000001
BI,2014,-0.9899999999999999
BI,2015,-1.2816666666666665
BI,2016,-1.4349999999999998
BI,2017,-1.4266666666666667
BI,2018,-1.4483333333333333
BI,2019,-1.4433333333333334
BI,2020,-1.3883333333333334
BI,2021,-1.3233333333333335
BI,2022,-1.2666666666666666
BI,2023,-1.2566666666666666
BJ,2006,-0.22
BJ,2007,-0.21166666666666667
BJ,2008,-0.22666666666666668
BJ,2009,-0.25666666666666665
BJ,2010,-0.2966666666666667
BJ,2011,-0.28833333333333333
BJ,2012,-0.3133333333333333
BJ,2013,-0.29833333333333334
BJ,2014,-0.33
BJ,2015,-0.3583333333333334
BJ,2016,-0.3283333333333333
BJ,2017,-0.34
BJ,2018,-0.3333333333333333
BJ,2019,-0.385
BJ,2020,-0.35000000000000003
BJ,2021,-0.35333333333333333
BJ,2022,-0.315
BJ,2023,-0.27499999999999997
BM,2006,1.0366666666666668
BM,2007,1.0333333333333334
BM,2008,1.0516666666666665
BM,2009,1.0433333333333332
BM,2010,1.1166666666666667
BM,2011,1.115
BM,2012,1.115
BM,2013,1.1083333333333334
BM,2014,0.796
BM,2015,0.96
BM,2016,1.018
BM,2017,1.024
BM,2018,1.0539999999999998
BM,2019,1.032
BM,2020,1.058
BM,2021,1.068
BM,2022,1.034
BM,2023,1.016
BN,2006,0.35833333333333334
BN,2007,0.4283333333333333
BN,2008,0.45166666666666666
BN,2009,0.735
BN,2010,0.7116666666666668
BN,2011,0.7016666666666667
BN,2012,0.62
BN,2013,0.625
BN,2014,0.615
BN,2015,0.545
BN,2016,0.49
BN,2017,0.5516666666666666
BN,2018,0.605
BN,2019,0.5666666666666668
BN,2020,0.7816666666666666
BN,2021,0.7999999999999999
BN,2022,0.8366666666666666
BN,2023,0.8666666666666667
BO,2006,-0.6033333333333334
BO,2007,-0.6
BO,2008,-0.6166666666666667
BO,2009,-0.6183333333333333
BO,2010,-0.5416666666666666
BO,2011,-0.545
BO,2012,-0.58
BO,2013,-0.535
BO,2014,-0.5866666666666667
BO,2015,-0.625
BO,2016,-0.6533333333333333
BO,2017,-0.6083333333333333
BO,2018,-0.5983333333333333
BO,2019,-0.7683333333333334
BO,2020,-0.7283333333333334
BO,2021,-0.7316666666666666
BO,2022,-0.7250000000000001
BO,2023,-0.7433333333333333
BR,2006,-0.12333333333333334
BR,2007,-0.10333333333333332
BR,2008,-0.01666666666666668
BR,2009,0.08
BR,2010,0.13999999999999999
BR,2011,0.11833333333333333
BR,2012,0.06833333333333334
BR,2013,0.0
BR,2014,-0.03833333333333334
BR,2015,-0.16
BR,2016,-0.17
BR,2017,-0.225
BR,2018,-0.2783333333333333
BR,2019,-0.2316666666666667
BR,2020,-0.2333333333333333
BR,2021,-0.26333333333333336
BR,2022,-0.3016666666666667
BR,2023,-0.2816666666666667
BS,2006,1.0766666666666667
BS,2007,1.09
BS,2008,1.0999999999999999
BS,2009,0.9700000000000001
BS,2010,0.945
BS,2011,0.9183333333333333
BS,2012,0.9016666666666667
BS,2013,0.8450000000000001
BS,2014,0.8133333333333334
BS,2015,0.7233333333333333
BS,2016,0.6716666666666667
BS,2017,0.6283333333333333
BS,2018,0.5766666666666667
BS,2019,0.54
BS,2020,0.5466666666666667
BS,2021,0.5750000000000001
BS,2022,0.5683333333333334
BS,2023,0.6
BT,2006,0.16
BT,2007,0.10833333333333334
BT,2008,0.18333333333333332
BT,2009,0.16
BT,2010,0.14500000000000002
BT,2011,0.17166666666666663
BT,2012,0.19333333333333333
BT,2013,0.19666666666666668
BT,2014,0.33
BT,2015,0.355
BT,2016,0.41500000000000004
BT,2017,0.5816666666666667
BT,2018,0.5266666666666667
BT,2019,0.53
BT,2020,0.5566666666666668
BT,2021,0.5733333333333334
BT,2022,0.5883333333333334
BT,2023,0.5916666666666667
BW,2006,0.6683333333333333
BW,2007,0.71
BW,2008,0.7216666666666667
BW,2009,0.6566666666666666
BW,2010,0.6699999999999999
BW,2011,0.6749999999999999
BW,2012,0.7066666666666667
BW,2013,0.665
BW,2014,0.645
BW,2015,0.6233333333333334
BW,2016,0.6433333333333333
BW,2017,0.5733333333333334
BW,2018,0.5650000000000001
BW,2019,0.6
BW,2020,0.5316666666666666
BW,2021,0.59
BW,2022,0.6166666666666667
BW,2023,0.5916666666666667
BY,2006,-1.0383333333333333
BY,2007,-0.9466666666666667
BY,2008,-0.8533333333333334
BY,2009,-0.8366666666666666
BY,2010,-0.9550000000000001
BY,2011,-0.9983333333333334
BY,2012,-0.8366666666666666
BY,2013,-0.8233333333333333
BY,2014,-0.65
BY,2015,-0.7033333333333333
BY,2016,-0.6316666666666667
BY,2017,-0.6266666666666667
BY,2018,-0.53
BY,2019,-0.45999999999999996
BY,2020,-0.8649999999999999
BY,2021,-0.9066666666666667
BY,2022,-1.0683333333333334
BY,2023,-1.1216666666666668
BZ,2006,-0.013333333333333327
BZ,2007,-0.03666666666666666
BZ,2008,-0.04666666666666667
BZ,2009,-0.031666666666666655
BZ,2010,-0.023333333333333355
BZ,2011,-0.09333333333333334
BZ,2012,-0.03333333333333335
BZ,2013,-0.023333333333333355
BZ,2014,-0.23333333333333336
BZ,2015,-0.24333333333333332
BZ,2016,-0.285
BZ,2017,-0.31833333333333336
BZ,2018,-0.31333333333333335
BZ,2019,-0.27999999999999997
BZ,2020,-0.18833333333333332
BZ,2021,-0.21166666666666667
BZ,2022,-0.10999999999999999
BZ,2023,-0.09166666666666667
CA,2006,1.6083333333333334
CA,2007,1.5899999999999999
CA,2008,1.6116666666666666
CA,2009,1.6366666666666667
CA,2010,1.6033333333333335
CA,2011,1.6016666666666666
CA,2012,1.6166666666666665
CA,2013,1.6083333333333334
CA,2014,1.6500000000000001
CA,2015,1.6383333333333334
CA,2016,1.6500000000000001
CA,2017,1.6516666666666666
CA,2018,1.5583333333333333
CA,2019,1.5466666666666666
CA,2020,1.4766666666666666
CA,2021,1.465
CA,2022,1.4483333333333333
CA,2023,1.4333333333333333
CD,2006,-1.5783333333333334
CD,2007,-1.5616666666666668
CD,2008,-1.5233333333333334
CD,2009,-1.6033333333333333
CD,2010,-1.6616666666666664
CD,2011,-1.6616666666666664
CD,2012,-1.6133333333333333
CD,2013,-1.5516666666666667
CD,2014,-1.53
CD,2015,-1.5583333333333333
CD,2016,-1.5883333333333336
CD,2017,-1.6849999999999998
CD,2018,-1.6600000000000001
CD,2019,-1.5816666666666668
CD,2020,-1.6166666666666665
CD,2021,-1.5566666666666666
CD,2022,-1.6016666666666666
CD,2023,-1.5833333333333333
CF,2006,-1.3933333333333333
CF,2007,-1.42
CF,2008,-1.3266666666666667
CF,2009,-1.3116666666666668
CF,2010,-1.32
CF,2011,-1.2783333333333333
CF,2012,-1.3433333333333335
CF,2013,-1.555
CF,2014,-1.7066666666666668
CF,2015,-1.5666666666666667
CF,2016,-1.5416666666666667
CF,2017,-1.5566666666666666
CF,2018,-1.575
CF,2019,-1.5866666666666667
CF,2020,-1.6366666666666667
CF,2021,-1.5733333333333333
CF,2022,-1.5916666666666668
CF,2023,-1.6233333333333333
CG,2006,-1.1533333333333333
CG,2007,-1.1466666666666667
CG,2008,-1.1166666666666665
CG,2009,-1.0466666666666666
CG,2010,-1.0416666666666667
CG,2011,-1.0466666666666666
CG,2012,-1.09
CG,2013,-1.0683333333333334
CG,2014,-1.0233333333333334
CG,2015,-1.0516666666666667
CG,2016,-1.0666666666666667
CG,2017,-1.1383333333333334
CG,2018,-1.1099999999999999
CG,2019,-1.0916666666666666
CG,2020,-1.1283333333333332
CG,2021,-1.085
CG,2022,-1.04
CG,2023,-1.0116666666666667
CH,2006,1.7083333333333333
CH,2007,1.7316666666666667
CH,2008,1.7066666666666668
CH,2009,1.6933333333333334
CH,2010,1.6900000000000002
CH,2011,1.6849999999999998
CH,2012,1.7566666666666666
CH,2013,1.7316666666666667
CH,2014,1.8333333333333333
CH,2015,1.765
CH,2016,1.7566666666666666
CH,2017,1.7566666666666666
CH,2018,1.76
CH,2019,1.6966666666666665
CH,2020,1.6833333333333333
CH,2021,1.6833333333333333
CH,2022,1.7016666666666664
CH,2023,1.7299999999999998
CI,2006,-1.3166666666666667
CI,2007,-1.285
CI,2008,-1.285
CI,2009,-1.1416666666666666
CI,2010,-1.2116666666666667
CI,2011,-1.145
CI,2012,-0.9766666666666667
CI,2013,-0.8566666666666666
CI,2014,-0.6733333333333333
CI,2015,-0.61
CI,2016,-0.6
CI,2017,-0.6316666666666667
CI,2018,-0.53
CI,2019,-0.5533333333333333
CI,2020,-0.6150000000000001
CI,2021,-0.5083333333333334
CI,2022,-0.37833333333333335
CI,2023,-0.3766666666666667
CK,2006,0.6825
CK,2007,0.6
CK,2008,
CK,2009,-0.42333333333333334
CK,2010,-0.4116666666666667
CK,2011,-0.736
CK,2012,-0.758
CK,2013,-0.752
CK,2014,
CK,2015,
CK,2016,
CK,2017,
CK,2018,1.055
CK,2019,1.1
CK,2020,1.105
CK,2021,1.16
CK,2022,0.21499999999999997
CK,2023,0.2233333333333333
CL,2006,1.1066666666666667
CL,2007,1.1233333333333333
CL,2008,1.0883333333333334
CL,2009,1.1166666666666667
CL,2010,1.1716666666666666
CL,2011,1.1416666666666666
CL,2012,1.16
CL,2013,1.145
CL,2014,1.1366666666666667
CL,2015,1.01
CL,2016,0.9283333333333333
CL,2017,0.9216666666666667
CL,2018,0.9249999999999999
CL,2019,0.8133333333333334
CL,2020,0.7883333333333334
CL,2021,0.75
CL,2022,0.7166666666666667
CL,2023,0.735
CM,2006,-0.8866666666666667
CM,2007,-0.8816666666666667
CM,2008,-0.9016666666666667
CM,2009,-0.8799999999999999
CM,2010,-0.935
CM,2011,-0.9400000000000001
CM,2012,-0.96
CM,2013,-0.9566666666666667
CM,2014,-0.965
CM,2015,-0.9683333333333333
CM,2016,-0.9933333333333333
CM,2017,-1.0216666666666667
CM,2018,-1.0766666666666667
CM,2019,-1.1416666666666666
CM,2020,-1.1316666666666666
CM,2021,-1.1033333333333333
CM,2022,-1.0799999999999998
CM,2023,-1.0816666666666668
CN,2006,-0.6216666666666667
CN,2007,-0.58
CN,2008,-0.5416666666666666
CN,2009,-0.5566666666666666
CN,2010,-0.6016666666666667
CN,2011,-0.5633333333333334
CN,2012,-0.5716666666666667
CN,2013,-0.5666666666666667
CN,2014,-0.47666666666666674
CN,2015,-0.4749999999999999
CN,2016,-0.43333333333333335
CN,2017,-0.34
CN,2018,-0.3283333333333333
CN,2019,-0.36999999999999994
CN,2020,-0.31
CN,2021,-0.2733333333333333
CN,2022,-0.3333333333333333
CN,2023,-0.29
CO,2006,-0.47333333333333333
CO,2007,-0.41
CO,2008,-0.4033333333333333
CO,2009,-0.4833333333333334
CO,2010,-0.3866666666666667
CO,2011,-0.275
CO,2012,-0.3133333333333333
CO,2013,-0.3016666666666667
CO,2014,-0.25000000000000006
CO,2015,-0.225
CO,2016,-0.18666666666666665
CO,2017,-0.225
CO,2018,-0.21333333333333335
CO,2019,-0.18333333333333335
CO,2020,-0.17666666666666664
CO,2021,-0.2583333333333333
CO,2022,-0.18333333333333332
CO,2023,-0.21
CR,2006,0.47333333333333333
CR,2007,0.49833333333333335
CR,2008,0.5183333333333333
CR,2009,0.6233333333333333
CR,2010,0.6366666666666666
CR,2011,0.5783333333333333
CR,2012,0.6733333333333333
CR,2013,0.685
CR,2014,0.6749999999999999
CR,2015,0.6616666666666666
CR,2016,0.6150000000000001
CR,2017,0.5383333333333333
CR,2018,0.5616666666666666
CR,2019,0.5950000000000001
CR,2020,0.6183333333333333
CR,2021,0.5816666666666667
CR,2022,0.5933333333333334
CR,2023,0.6483333333333333
CU,2006,-0.6
CU,2007,-0.59
CU,2008,-0.6183333333333333
CU,2009,-0.62
CU,2010,-0.6133333333333334
CU,2011,-0.6216666666666666
CU,2012,-0.6033333333333334
CU,2013,-0.615
CU,2014,-0.4916666666666667
CU,2015,-0.4766666666666666
CU,2016,-0.4483333333333334
CU,2017,-0.4466666666666667
CU,2018,-0.48
CU,2019,-0.4749999999999999
CU,2020,-0.49833333333333335
CU,2021,-0.5299999999999999
CU,2022,-0.5183333333333334
CU,2023,-0.5599999999999999
CV,2006,0.48333333333333334
CV,2007,0.5383333333333333
CV,2008,0.5
CV,2009,0.49833333333333335
CV,2010,0.47000000000000003
CV,2011,0.5333333333333333
CV,2012,0.5366666666666667
CV,2013,0.5033333333333333
CV,2014,0.4566666666666667
CV,2015,0.5516666666666666
CV,2016,0.48
CV,2017,0.48833333333333334
CV,2018,0.5416666666666666
CV,2019,0.5616666666666666
CV,2020,0.57
CV,2021,0.5733333333333334
CV,2022,0.5866666666666667
CV,2023,0.5816666666666667
CY,2006,1.0516666666666667
CY,2007,1.09
CY,2008,1.1683333333333332
CY,2009,1.0583333333333333
CY,2010,1.0999999999999999
CY,2011,1.0633333333333332
CY,2012,1.0816666666666668
CY,2013,1.0133333333333334
CY,2014,0.9900000000000001
CY,2015,0.9366666666666666
CY,2016,0.8483333333333333
CY,2017,0.85
CY,2018,0.7616666666666667
CY,2019,0.8133333333333334
CY,2020,0.6533333333333333
CY,2021,0.6349999999999999
CY,2022,0.6266666666666666
CY,2023,0.6433333333333334
CZ,2006,0.9016666666666667
CZ,2007,0.8533333333333334
CZ,2008,0.915
CZ,2009,0.91
CZ,2010,0.9183333333333333
CZ,2011,0.9416666666666668
CZ,2012,0.8866666666666667
CZ,2013,0.8966666666666666
CZ,2014,0.9366666666666666
CZ,2015,0.9500000000000001
CZ,2016,0.9199999999999999
CZ,2017,0.9633333333333334
CZ,2018,0.9333333333333332
CZ,2019,0.9133333333333334
CZ,2020,0.935
CZ,2021,1.0133333333333334
CZ,2022,1.015
CZ,2023,1.0616666666666668
DE,2006,1.53
DE,2007,1.5133333333333334
DE,2008,1.46
DE,2009,1.4483333333333333
DE,2010,1.4333333333333333
DE,2011,1.4333333333333333
DE,2012,1.4533333333333334
DE,2013,1.4716666666666667
DE,2014,1.5650000000000002
DE,2015,1.5033333333333332
DE,2016,1.4766666666666666
DE,2017,1.46
DE,2018,1.4649999999999999
DE,2019,1.4266666666666667
DE,2020,1.3766666666666667
DE,2021,1.4033333333333333
DE,2022,1.3666666666666665
DE,2023,1.3183333333333334
DJ,2006,-0.7833333333333333
DJ,2007,-0.7183333333333334
DJ,2008,-0.5883333333333334
DJ,2009,-0.5633333333333334
DJ,2010,-0.6433333333333333
DJ,2011,-0.6733333333333332
DJ,2012,-0.68
DJ,2013,-0.735
DJ,2014,-0.88
DJ,2015,-0.8783333333333333
DJ,2016,-0.9133333333333334
DJ,2017,-0.9199999999999999
DJ,2018,-0.8183333333333334
DJ,2019,-0.8716666666666667
DJ,2020,-0.8783333333333333
DJ,2021,-0.9049999999999999
DJ,2022,-0.8966666666666668
DJ,2023,-0.8933333333333332
DK,2006,1.8466666666666667
DK,2007,1.885
DK,2008,1.8416666666666668
DK,2009,1.835
DK,2010,1.8
DK,2011,1.8266666666666669
DK,2012,1.7716666666666665
DK,2013,1.7783333333333333
DK,2014,1.7133333333333332
DK,2015,1.6933333333333334
DK,2016,1.6416666666666666
DK,2017,1.62
DK,2018,1.6450000000000002
DK,2019,1.6466666666666667
DK,2020,1.6850000000000003
DK,2021,1.7433333333333334
DK,2022,1.765
DK,2023,1.7766666666666666
DM,2006,0.805
DM,2007,0.7516666666666666
DM,2008,0.755
DM,2009,0.7333333333333334
DM,2010,0.7333333333333334
DM,2011,0.7483333333333334
DM,2012,0.73
DM,2013,0.765
DM,2014,0.6350000000000001
DM,2015,0.615
DM,2016,0.5833333333333334
DM,2017,0.5383333333333333
DM,2018,0.49500000000000005
DM,2019,0.5066666666666667
DM,2020,0.6133333333333334
DM,2021,0.5916666666666667
DM,2022,0.6033333333333334
DM,2023,0.635
DO,2006,-0.33166666666666667
DO,2007,-0.36333333333333334
DO,2008,-0.35166666666666674
DO,2009,-0.385
DO,2010,-0.42
DO,2011,-0.3933333333333333
DO,2012,-0.30833333333333335
DO,2013,-0.27
DO,2014,-0.21833333333333335
DO,2015,-0.23333333333333336
DO,2016,-0.18000000000000002
DO,2017,-0.22166666666666668
DO,2018,-0.24833333333333332
DO,2019,-0.22499999999999998
DO,2020,-0.13
DO,2021,-0.008333333333333331
DO,2022,0.0050000000000000044
DO,2023,0.04833333333333334
DZ,2006,-0.7216666666666667
DZ,2007,-0.7616666666666667
DZ,2008,-0.7833333333333333
DZ,2009,-0.8616666666666667
DZ,2010,-0.8583333333333334
DZ,2011,-0.9183333333333333
DZ,2012,-0.89
DZ,2013,-0.8033333333333332
DZ,2014,-0.8416666666666667
DZ,2015,-0.8650000000000001
DZ,2016,-0.875
DZ,2017,-0.8616666666666667
DZ,2018,-0.8583333333333334
DZ,2019,-0.9316666666666666
DZ,2020,-0.89
DZ,2021,-0.8833333333333333
DZ,2022,-0.7833333333333333
DZ,2023,-0.7416666666666667
EC,2006,-0.8416666666666668
EC,2007,-0.7933333333333333
EC,2008,-0.7816666666666667
EC,2009,-0.8116666666666666
EC,2010,-0.7433333333333333
EC,2011,-0.7083333333333334
EC,2012,-0.6416666666666666
EC,2013,-0.515
EC,2014,-0.54
EC,2015,-0.5866666666666667
EC,2016,-0.5016666666666666
EC,2017,-0.49499999999999994
EC,2018,-0.43166666666666664
EC,2019,-0.405
EC,2020,-0.44333333333333336
EC,2021,-0.3433333333333333
EC,2022,-0.3933333333333333
EC,2023,-0.5366666666666666
EE,2006,1.065
EE,2007,1.02
EE,2008,1.0533333333333335
EE,2009,1.0283333333333333
EE,2010,1.0633333333333332
EE,2011,1.0716666666666665
EE,2012,1.0583333333333333
EE,2013,1.1083333333333334
EE,2014,1.2166666666666666
EE,2015,1.1766666666666665
EE,2016,1.1716666666666666
EE,2017,1.1666666666666667
EE,2018,1.1883333333333332
EE,2019,1.2166666666666666
EE,2020,1.2716666666666667
EE,2021,1.2866666666666666
EE,2022,1.3
EE,2023,1.2566666666666666
EG,2006,-0.6616666666666666
EG,2007,-0.5666666666666667
EG,2008,-0.5333333333333333
EG,2009,-0.45
EG,2010,-0.555
EG,2011,-0.73
EG,2012,-0.7333333333333334
EG,2013,-0.8966666666666666
EG,2014,-0.9166666666666666
EG,2015,-0.8966666666666666
EG,2016,-0.8566666666666666
EG,2017,-0.8283333333333333
EG,2018,-0.7616666666666667
EG,2019,-0.7600000000000001
EG,2020,-0.8016666666666666
EG,2021,-0.7483333333333334
EG,2022,-0.7566666666666667
EG,2023,-0.6816666666666666
ER,2006,-1.31
ER,2007,-1.3716666666666668
ER,2008,-1.3266666666666667
ER,2009,-1.3783333333333332
ER,2010,-1.4233333333333336
ER,2011,-1.4416666666666667
ER,2012,-1.4716666666666667
ER,2013,-1.515
ER,2014,-1.5250000000000001
ER,2015,-1.6016666666666666
ER,2016,-1.6199999999999999
ER,2017,-1.615
ER,2018,-1.6150000000000002
ER,2019,-1.6583333333333332
ER,2020,-1.6133333333333333
ER,2021,-1.635
ER,2022,-1.665
ER,2023,-1.6733333333333331
ES,2006,0.8733333333333334
ES,2007,0.88
ES,2008,0.8883333333333333
ES,2009,0.8416666666666667
ES,2010,0.87
ES,2011,0.9116666666666666
ES,2012,0.875
ES,2013,0.8433333333333334
ES,2014,0.8016666666666666
ES,2015,0.7916666666666666
ES,2016,0.8450000000000001
ES,2017,0.7916666666666666
ES,2018,0.8016666666666667
ES,2019,0.8333333333333334
ES,2020,0.765
ES,2021,0.7966666666666667
ES,2022,0.7583333333333333
ES,2023,0.7283333333333334
ET,2006,-0.9950000000000001
ET,2007,-0.9583333333333334
ET,2008,-0.9616666666666666
ET,2009,-0.9933333333333333
ET,2010,-0.9700000000000001
ET,2011,-0.965
ET,2012,-0.9433333333333334
ET,2013,-0.9383333333333334
ET,2014,-0.8433333333333334
ET,2015,-0.93
ET,2016,-0.965
ET,2017,-0.9916666666666667
ET,2018,-0.8383333333333334
ET,2019,-0.8066666666666666
ET,2020,-0.8583333333333334
ET,2021,-0.9800000000000001
ET,2022,-0.9883333333333333
ET,2023,-0.9933333333333333
FI,2006,1.8616666666666666
FI,2007,1.7933333333333332
FI,2008,1.7983333333333331
FI,2009,1.8616666666666666
FI,2010,1.8516666666666666
FI,2011,1.8466666666666667
FI,2012,1.8666666666666665
FI,2013,1.8566666666666667
FI,2014,1.835
FI,2015,1.7516666666666667
FI,2016,1.7266666666666666
FI,2017,1.765
FI,2018,1.7449999999999999
FI,2019,1.7216666666666667
FI,2020,1.755
FI,2021,1.7716666666666665
FI,2022,1.7066666666666668
FI,2023,1.6733333333333331
FJ,2006,-0.08666666666666667
FJ,2007,-0.3333333333333333
FJ,2008,-0.49833333333333335
FJ,2009,-0.7233333333333333
FJ,2010,-0.6133333333333334
FJ,2011,-0.5183333333333334
FJ,2012,-0.53
FJ,2013,-0.5083333333333334
FJ,2014,-0.06833333333333333
FJ,2015,0.008333333333333337
FJ,2016,0.11166666666666668
FJ,2017,0.26166666666666666
FJ,2018,0.445
FJ,2019,0.45
FJ,2020,0.33666666666666667
FJ,2021,0.325
FJ,2022,0.31
FJ,2023,0.3566666666666667
FM,2006,0.605
FM,2007,0.395
FM,2008,0.25333333333333335
FM,2009,0.24333333333333337
FM,2010,0.15333333333333335
FM,2011,-1.850371707708594e-17
FM,2012,0.075
FM,2013,0.09000000000000002
FM,2014,0.18333333333333335
FM,2015,0.23166666666666666
FM,2016,0.31666666666666665
FM,2017,0.42333333333333334
FM,2018,0.3966666666666667
FM,2019,0.36166666666666664
FM,2020,0.4633333333333334
FM,2021,0.49666666666666676
FM,2022,0.5549999999999999
FM,2023,0.54
FR,2006,1.2816666666666665
FR,2007,1.2483333333333333
FR,2008,1.265
FR,2009,1.22
FR,2010,1.2733333333333332
FR,2011,1.215
FR,2012,1.1983333333333335
FR,2013,1.1666666666666667
FR,2014,1.1233333333333333
FR,2015,1.0783333333333334
FR,2016,1.0250000000000001
FR,2017,1.0833333333333333
FR,2018,1.07
FR,2019,1.1300000000000001
FR,2020,1.0266666666666666
FR,2021,1.0716666666666665
FR,2022,1.05
FR,2023,1.0233333333333332
GA,2006,-0.6166666666666667
GA,2007,-0.61
GA,2008,-0.64
GA,2009,-0.6083333333333333
GA,2010,-0.53
GA,2011,-0.5216666666666666
GA,2012,-0.5233333333333333
GA,2013,-0.5266666666666667
GA,2014,-0.5283333333333333
GA,2015,-0.6066666666666667
GA,2016,-0.6666666666666666
GA,2017,-0.7399999999999999
GA,2018,-0.7533333333333333
GA,2019,-0.7816666666666666
GA,2020,-0.7483333333333334
GA,2021,-0.6983333333333333
GA,2022,-0.6783333333333333
GA,2023,-0.7716666666666666
GB,2006,1.5183333333333333
GB,2007,1.4783333333333333
GB,2008,1.4333333333333333
GB,2009,1.31
GB,2010,1.405
GB,2011,1.3616666666666666
GB,2012,1.3950000000000002
GB,2013,1.4166666666666667
GB,2014,1.46
GB,2015,1.49
GB,2016,1.4100000000000001
GB,2017,1.39
GB,2018,1.3333333333333333
GB,2019,1.3616666666666666
GB,2020,1.2716666666666667
GB,2021,1.2466666666666666
GB,2022,1.2716666666666667
GB,2023,1.2249999999999999
GD,2006,0.5
GD,2007,0.42333333333333334
GD,2008,0.3633333333333333
GD,2009,0.375
GD,2010,0.395
GD,2011,0.38166666666666665
GD,2012,0.4083333333333334
GD,2013,0.39666666666666667
GD,2014,0.3283333333333333
GD,2015,0.37333333333333335
GD,2016,0.49
GD,2017,0.4066666666666667
GD,2018,0.2683333333333333
GD,2019,0.2916666666666667
GD,2020,0.38000000000000006
GD,2021,0.5116666666666667
GD,2022,0.535
GD,2023,0.5383333333333333
GE,2006,-0.30666666666666664
GE,2007,-0.155
GE,2008,-0.12500000000000003
GE,2009,-0.11166666666666665
GE,2010,-0.02666666666666667
GE,2011,0.06666666666666665
GE,2012,0.17
GE,2013,0.25
GE,2014,0.365
GE,2015,0.28833333333333333
GE,2016,0.385
GE,2017,0.38999999999999996
GE,2018,0.3866666666666667
GE,2019,0.4066666666666667
GE,2020,0.36166666666666664
GE,2021,0.3416666666666666
GE,2022,0.3416666666666666
GE,2023,0.37166666666666665
GF,2006,0.5950000000000001
GF,2007,0.5516666666666666
GF,2008,0.5666666666666667
GF,2009,1.0033333333333332
GF,2010,1.0066666666666666
GF,2011,0.9933333333333333
GF,2012,1.0
GF,2013,0.9983333333333334
GF,2014,1.075
GF,2015,1.0983333333333334
GF,2016,1.0883333333333334
GF,2017,1.0833333333333333
GF,2018,1.0866666666666667
GF,2019,1.0283333333333333
GF,2020,1.0183333333333333
GF,2021,1.0066666666666666
GF,2022,0.9983333333333334
GF,2023,0.9866666666666667
GH,2006,0.06499999999999999
GH,2007,0.08166666666666667
GH,2008,0.02
GH,2009,0.06666666666666667
GH,2010,0.07833333333333332
GH,2011,0.10166666666666667
GH,2012,0.07666666666666667
GH,2013,0.08
GH,2014,-0.025000000000000005
GH,2015,-0.011666666666666667
GH,2016,-0.043333333333333335
GH,2017,0.02666666666666666
GH,2018,-0.0050000000000000044
GH,2019,0.015000000000000013
GH,2020,0.03000000000000001
GH,2021,-0.016666666666666673
GH,2022,-0.03833333333333333
GH,2023,-0.013333333333333336
GL,2006,
GL,2007,
GL,2008,
GL,2009,1.3416666666666668
GL,2010,1.3733333333333333
GL,2011,1.4166666666666667
GL,2012,1.4183333333333332
GL,2013,1.4116666666666664
GL,2014,1.4033333333333333
GL,2015,1.3716666666666668
GL,2016,1.365
GL,2017,1.365
GL,2018,1.3716666666666668
GL,2019,1.3516666666666666
GL,2020,1.3416666666666668
GL,2021,1.3266666666666667
GL,2022,1.2533333333333332
GL,2023,1.2416666666666667
GM,2006,-0.54
GM,2007,-0.49666666666666665
GM,2008,-0.5333333333333333
GM,2009,-0.52
GM,2010,-0.5666666666666667
GM,2011,-0.5516666666666666
GM,2012,-0.5633333333333334
GM,2013,-0.6316666666666667
GM,2014,-0.6716666666666665
GM,2015,-0.7616666666666667
GM,2016,-0.8116666666666666
GM,2017,-0.5133333333333333
GM,2018,-0.4483333333333333
GM,2019,-0.3916666666666666
GM,2020,-0.385
GM,2021,-0.4033333333333333
GM,2022,-0.35000000000000003
GM,2023,-0.32166666666666666
GN,2006,-1.3483333333333334
GN,2007,-1.4933333333333334
GN,2008,-1.4383333333333335
GN,2009,-1.3716666666666668
GN,2010,-1.25
GN,2011,-1.1666666666666667
GN,2012,-1.1733333333333333
GN,2013,-1.145
GN,2014,-1.095
GN,2015,-0.9233333333333333
GN,2016,-0.8850000000000001
GN,2017,-0.9466666666666667
GN,2018,-0.9633333333333334
GN,2019,-0.9049999999999999
GN,2020,-0.9516666666666667
GN,2021,-1.0066666666666666
GN,2022,-0.9916666666666667
GN,2023,-1.0050000000000001
GQ,2006,-1.1466666666666667
GQ,2007,-1.0916666666666666
GQ,2008,-1.0766666666666667
GQ,2009,-1.0633333333333332
GQ,2010,-1.1116666666666666
GQ,2011,-1.1233333333333333
GQ,2012,-1.1366666666666667
GQ,2013,-1.2066666666666668
GQ,2014,-1.3066666666666666
GQ,2015,-1.2966666666666666
GQ,2016,-1.3016666666666665
GQ,2017,-1.3183333333333334
GQ,2018,-1.2966666666666666
GQ,2019,-1.2666666666666666
GQ,2020,-1.2766666666666666
GQ,2021,-1.27
GQ,2022,-1.29
GQ,2023,-1.27
GR,2006,0.7183333333333333
GR,2007,0.6766666666666667
GR,2008,0.6066666666666667
GR,2009,0.47333333333333333
GR,2010,0.4033333333333333
GR,2011,0.34833333333333333
GR,2012,0.24666666666666667
GR,2013,0.31666666666666665
GR,2014,0.2233333333333333
GR,2015,0.18000000000000002
GR,2016,0.13
GR,2017,0.16333333333333333
GR,2018,0.26666666666666666
GR,2019,0.32833333333333337
GR,2020,0.38999999999999996
GR,2021,0.39833333333333326
GR,2022,0.39166666666666666
GR,2023,0.38166666666666665
GT,2006,-0.6433333333333334
GT,2007,-0.63
GT,2008,-0.6
GT,2009,-0.6083333333333334
GT,2010,-0.5866666666666667
GT,2011,-0.5916666666666667
GT,2012,-0.6333333333333334
GT,2013,-0.6316666666666667
GT,2014,-0.6266666666666667
GT,2015,-0.6383333333333333
GT,2016,-0.6016666666666667
GT,2017,-0.6433333333333333
GT,2018,-0.6333333333333334
GT,2019,-0.6666666666666666
GT,2020,-0.6683333333333333
GT,2021,-0.7133333333333334
GT,2022,-0.7200000000000001
GT,2023,-0.6933333333333334
GU,2006,0.66
GU,2007,0.6883333333333334
GU,2008,0.7016666666666667
GU,2009,0.6583333333333333
GU,2010,0.62
GU,2011,0.6749999999999999
GU,2012,0.67
GU,2013,0.67
GU,2014,0.8
GU,2015,0.764
GU,2016,0.64
GU,2017,0.696
GU,2018,0.7733333333333333
GU,2019,0.7983333333333333
GU,2020,0.9250000000000002
GU,2021,0.9349999999999999
GU,2022,0.9383333333333334
GU,2023,0.85
GW,2006,-0.9316666666666666
GW,2007,-0.9899999999999999
GW,2008,-1.05
GW,2009,-1.0416666666666667
GW,2010,-1.0333333333333334
GW,2011,-1.0516666666666667
GW,2012,-1.2750000000000001
GW,2013,-1.3233333333333335
GW,2014,-1.2183333333333333
GW,2015,-1.1616666666666666
GW,2016,-1.2116666666666667
GW,2017,-1.2316666666666667
GW,2018,-1.1583333333333334
GW,2019,-1.1116666666666666
GW,2020,-1.1166666666666667
GW,2021,-1.0066666666666666
GW,2022,-1.0433333333333332
GW,2023,-1.0116666666666667
GY,2006,-0.4466666666666666
GY,2007,-0.3566666666666667
GY,2008,-0.405
GY,2009,-0.4066666666666667
GY,2010,-0.36000000000000004
GY,2011,-0.38166666666666665
GY,2012,-0.4183333333333333
GY,2013,-0.3866666666666667
GY,2014,-0.3466666666666667
GY,2015,-0.33666666666666667
GY,2016,-0.19166666666666665
GY,2017,-0.21333333333333335
GY,2018,-0.2316666666666667
GY,2019,-0.26666666666666666
GY,2020,-0.25333333333333335
GY,2021,-0.215
GY,2022,-0.19999999999999998
GY,2023,-0.2466666666666667
HK,2006,1.4916666666666665
HK,2007,1.4749999999999999
HK,2008,1.4583333333333333
HK,2009,1.3966666666666665
HK,2010,1.415
HK,2011,1.39
HK,2012,1.4533333333333334
HK,2013,1.42
HK,2014,1.5083333333333335
HK,2015,1.5033333333333332
HK,2016,1.3766666666666667
HK,2017,1.42
HK,2018,1.4466666666666665
HK,2019,1.135
HK,2020,1.1083333333333334
HK,2021,1.0266666666666666
HK,2022,1.04
HK,2023,1.07
HN,2006,-0.625
HN,2007,-0.53
HN,2008,-0.6083333333333333
HN,2009,-0.605
HN,2010,-0.61
HN,2011,-0.545
HN,2012,-0.6383333333333333
HN,2013,-0.6583333333333333
HN,2014,-0.6483333333333333
HN,2015,-0.6166666666666666
HN,2016,-0.665
HN,2017,-0.6316666666666667
HN,2018,-0.64
HN,2019,-0.6966666666666667
HN,2020,-0.7016666666666667
HN,2021,-0.7916666666666666
HN,2022,-0.7399999999999999
HN,2023,-0.7450000000000001
HR,2006,0.3266666666666667
HR,2007,0.35000000000000003
HR,2008,0.3333333333333333
HR,2009,0.3516666666666666
HR,2010,0.37666666666666665
HR,2011,0.36999999999999994
HR,2012,0.3833333333333333
HR,2013,0.41500000000000004
HR,2014,0.4183333333333333
HR,2015,0.36333333333333334
HR,2016,0.38999999999999996
HR,2017,0.395
HR,2018,0.43166666666666664
HR,2019,0.425
HR,2020,0.39833333333333326
HR,2021,0.43
HR,2022,0.4816666666666667
HR,2023,0.5099999999999999
HT,2006,-1.1666666666666667
HT,2007,-1.1216666666666668
HT,2008,-1.095
HT,2009,-1.0833333333333333
HT,2010,-1.15
HT,2011,-1.1916666666666667
HT,2012,-1.1216666666666668
HT,2013,-1.0583333333333333
HT,2014,-1.17
HT,2015,-1.2066666666666668
HT,2016,-1.2166666666666666
HT,2017,-1.2083333333333333
HT,2018,-1.1683333333333332
HT,2019,-1.2249999999999999
HT,2020,-1.27
HT,2021,-1.39
HT,2022,-1.4983333333333333
HT,2023,-1.505
HU,2006,0.9433333333333334
HU,2007,0.8716666666666667
HU,2008,0.8216666666666667
HU,2009,0.7283333333333334
HU,2010,0.7166666666666667
HU,2011,0.7250000000000001
HU,2012,0.655
HU,2013,0.665
HU,2014,0.5366666666666667
HU,2015,0.51
HU,2016,0.4283333333333333
HU,2017,0.515
HU,2018,0.47500000000000003
HU,2019,0.445
HU,2020,0.4666666666666666
HU,2021,0.4683333333333333
HU,2022,0.395
HU,2023,0.36833333333333335
ID,2006,-0.6333333333333333
ID,2007,-0.5416666666666666
ID,2008,-0.4983333333333333
ID,2009,-0.4816666666666667
ID,2010,-0.5
ID,2011,-0.46166666666666667
ID,2012,-0.38999999999999996
ID,2013,-0.3383333333333334
ID,2014,-0.21
ID,2015,-0.31166666666666665
ID,2016,-0.18166666666666667
ID,2017,-0.17
ID,2018,-0.14666666666666664
ID,2019,-0.17
ID,2020,-0.10666666666666667
ID,2021,-0.07333333333333336
ID,2022,-0.065
ID,2023,-0.003333333333333336
IE,2006,1.5616666666666665
IE,2007,1.5816666666666668
IE,2008,1.575
IE,2009,1.4883333333333333
IE,2010,1.4566666666666668
IE,2011,1.4349999999999998
IE,2012,1.425
IE,2013,1.4400000000000002
IE,2014,1.53
IE,2015,1.4933333333333334
IE,2016,1.3833333333333335
IE,2017,1.3399999999999999
IE,2018,1.375
IE,2019,1.32
IE,2020,1.3783333333333332
IE,2021,1.3966666666666667
IE,2022,1.4533333333333331
IE,2023,1.4883333333333333
IL,2006,0.6083333333333333
IL,2007,0.58
IL,2008,0.6033333333333334
IL,2009,0.4916666666666667
IL,2010,0.5833333333333334
IL,2011,0.6516666666666667
IL,2012,0.6383333333333333
IL,2013,0.6383333333333333
IL,2014,0.68
IL,2015,0.7166666666666667
IL,2016,0.7983333333333333
IL,2017,0.7000000000000001
IL,2018,0.6383333333333333
IL,2019,0.6966666666666667
IL,2020,0.5866666666666667
IL,2021,0.6233333333333333
IL,2022,0.6033333333333334
IL,2023,0.51
IN,2006,-0.18333333333333335
IN,2007,-0.19499999999999998
IN,2008,-0.21833333333333335
IN,2009,-0.27999999999999997
IN,2010,-0.2866666666666667
IN,2011,-0.31
IN,2012,-0.35000000000000003
IN,2013,-0.335
IN,2014,-0.3033333333333334
IN,2015,-0.2233333333333333
IN,2016,-0.19499999999999998
IN,2017,-0.15333333333333335
IN,2018,-0.13999999999999999
IN,2019,-0.15333333333333332
IN,2020,-0.13666666666666663
IN,2021,-0.145
IN,2022,-0.07666666666666666
IN,2023,-0.065
IQ,2006,-1.7283333333333333
IQ,2007,-1.68
IQ,2008,-1.5316666666666665
IQ,2009,-1.4033333333333333
IQ,2010,-1.405
IQ,2011,-1.3033333333333335
IQ,2012,-1.3383333333333332
IQ,2013,-1.3549999999999998
IQ,2014,-1.4366666666666668
IQ,2015,-1.4533333333333331
IQ,2016,-1.4616666666666667
IQ,2017,-1.4783333333333333
IQ,2018,-1.5183333333333333
IQ,2019,-1.5233333333333334
IQ,2020,-1.5416666666666667
IQ,2021,-1.468333333333333
IQ,2022,-1.4666666666666668
IQ,2023,-1.5350000000000001
IR,2006,-0.9983333333333334
IR,2007,-1.0533333333333335
IR,2008,-1.09
IR,2009,-1.2083333333333333
IR,2010,-1.2383333333333333
IR,2011,-1.1366666666666667
IR,2012,-1.1016666666666668
IR,2013,-1.1216666666666668
IR,2014,-1.0050000000000001
IR,2015,-0.9316666666666666
IR,2016,-0.8466666666666667
IR,2017,-0.8716666666666667
IR,2018,-1.04
IR,2019,-1.1633333333333333
IR,2020,-1.2816666666666665
IR,2021,-1.2766666666666666
IR,2022,-1.285
IR,2023,-1.3566666666666667
IS,2006,1.7283333333333333
IS,2007,1.7083333333333333
IS,2008,1.6600000000000001
IS,2009,1.4983333333333333
IS,2010,1.4349999999999998
IS,2011,1.4833333333333334
IS,2012,1.4733333333333334
IS,2013,1.4816666666666667
IS,2014,1.4716666666666667
IS,2015,1.4883333333333333
IS,2016,1.4516666666666669
IS,2017,1.485
IS,2018,1.5183333333333333
IS,2019,1.5266666666666666
IS,2020,1.5166666666666666
IS,2021,1.5533333333333335
IS,2022,1.47
IS,2023,1.4616666666666667
IT,2006,0.6316666666666667
IT,2007,0.5816666666666667
IT,2008,0.5883333333333334
IT,2009,0.5599999999999999
IT,2010,0.5866666666666667
IT,2011,0.5499999999999999
IT,2012,0.5366666666666667
IT,2013,0.545
IT,2014,0.5
IT,2015,0.48500000000000004
IT,2016,0.515
IT,2017,0.49333333333333335
IT,2018,0.48
IT,2019,0.53
IT,2020,0.5033333333333333
IT,2021,0.5416666666666666
IT,2022,0.555
IT,2023,0.6483333333333333
JM,2006,0.003333333333333336
JM,2007,0.04666666666666667
JM,2008,0.031666666666666655
JM,2009,0.0
JM,2010,-0.023333333333333334
JM,2011,0.06666666666666667
JM,2012,0.03333333333333333
JM,2013,0.05833333333333334
JM,2014,0.04666666666666668
JM,2015,0.08999999999999998
JM,2016,0.19499999999999998
JM,2017,0.20833333333333334
JM,2018,0.215
JM,2019,0.20833333333333334
JM,2020,0.19333333333333336
JM,2021,0.19166666666666665
JM,2022,0.27499999999999997
JM,2023,0.19499999999999998
JO,2006,-0.06666666666666665
JO,2007,0.034999999999999996
JO,2008,0.04
JO,2009,-0.041666666666666664
JO,2010,-0.10000000000000002
JO,2011,-0.10166666666666668
JO,2012,-0.09333333333333334
JO,2013,-0.13499999999999998
JO,2014,-0.07500000000000001
JO,2015,-0.08666666666666667
JO,2016,-0.08666666666666667
JO,2017,-0.08666666666666667
JO,2018,-0.10333333333333333
JO,2019,-0.10999999999999999
JO,2020,-0.075
JO,2021,-0.09500000000000001
JO,2022,-0.065
JO,2023,-0.001666666666666668
JP,2006,1.2666666666666666
JP,2007,1.1833333333333333
JP,2008,1.175
JP,2009,1.2016666666666667
JP,2010,1.2216666666666667
JP,2011,1.2433333333333334
JP,2012,1.2616666666666667
JP,2013,1.3233333333333335
JP,2014,1.375
JP,2015,1.335
JP,2016,1.335
JP,2017,1.3416666666666668
JP,2018,1.3116666666666668
JP,2019,1.29
JP,2020,1.3066666666666666
JP,2021,1.3166666666666667
JP,2022,1.3683333333333334
JP,2023,1.3499999999999999
KE,2006,-0.6633333333333333
KE,2007,-0.7266666666666667
KE,2008,-0.7733333333333334
KE,2009,-0.7816666666666667
KE,2010,-0.6616666666666666
KE,2011,-0.7000000000000001
KE,2012,-0.7333333333333334
KE,2013,-0.6583333333333333
KE,2014,-0.5816666666666667
KE,2015,-0.615
KE,2016,-0.5983333333333334
KE,2017,-0.5666666666666667
KE,2018,-0.6016666666666667
KE,2019,-0.5783333333333334
KE,2020,-0.6216666666666667
KE,2021,-0.5533333333333333
KE,2022,-0.4816666666666667
KE,2023,-0.47500000000000003
KG,2006,-1.0466666666666666
KG,2007,-0.9683333333333334
KG,2008,-0.9033333333333333
KG,2009,-0.93
KG,2010,-0.89
KG,2011,-0.8450000000000001
KG,2012,-0.7983333333333333
KG,2013,-0.785
KG,2014,-0.775
KG,2015,-0.8316666666666667
KG,2016,-0.765
KG,2017,-0.6583333333333333
KG,2018,-0.6366666666666667
KG,2019,-0.6183333333333333
KG,2020,-0.6916666666666668
KG,2021,-0.7866666666666666
KG,2022,-0.85
KG,2023,-0.85
KH,2006,-0.8966666666666666
KH,2007,-0.8316666666666667
KH,2008,-0.855
KH,2009,-0.8716666666666667
KH,2010,-0.875
KH,2011,-0.8300000000000001
KH,2012,-0.7166666666666667
KH,2013,-0.7416666666666667
KH,2014,-0.7216666666666667
KH,2015,-0.75
KH,2016,-0.7516666666666666
KH,2017,-0.7799999999999999
KH,2018,-0.7933333333333333
KH,2019,-0.7999999999999999
KH,2020,-0.8183333333333334
KH,2021,-0.8066666666666666
KH,2022,-0.7633333333333333
KH,2023,-0.7266666666666667
KI,2006,0.25833333333333336
KI,2007,0.19666666666666668
KI,2008,0.11000000000000003
KI,2009,0.0016666666666666496
KI,2010,-0.025000000000000005
KI,2011,0.03333333333333335
KI,2012,0.02166666666666665
KI,2013,0.02833333333333332
KI,2014,0.07333333333333332
KI,2015,0.10833333333333332
KI,2016,0.22
KI,2017,0.3383333333333333
KI,2018,0.38833333333333336
KI,2019,0.48
KI,2020,0.5766666666666667
KI,2021,0.5233333333333333
KI,2022,0.49500000000000005
KI,2023,0.4683333333333333
KN,2006,1.1300000000000001
KN,2007,1.0216666666666667
KN,2008,1.1083333333333334
KN,2009,1.155
KN,2010,1.1483333333333332
KN,2011,1.115
KN,2012,1.1116666666666666
KN,2013,1.1083333333333334
KN,2014,0.255
KN,2015,0.54
KN,2016,0.5783333333333333
KN,2017,0.6066666666666667
KN,2018,0.5783333333333334
KN,2019,0.5466666666666667
KN,2020,0.6166666666666667
KN,2021,0.58
KN,2022,0.595
KN,2023,0.5833333333333334
KP,2006,-1.535
KP,2007,-1.4766666666666666
KP,2008,-1.4466666666666665
KP,2009,-1.5166666666666666
KP,2010,-1.585
KP,2011,-1.5883333333333336
KP,2012,-1.555
KP,2013,-1.63
KP,2014,-1.6783333333333335
KP,2015,-1.718333333333333
KP,2016,-1.6666666666666667
KP,2017,-1.665
KP,2018,-1.6283333333333332
KP,2019,-1.6033333333333335
KP,2020,-1.6183333333333334
KP,2021,-1.62
KP,2022,-1.595
KP,2023,-1.5733333333333333
KR,2006,0.6583333333333333
KR,2007,0.8283333333333333
KR,2008,0.6816666666666666
KR,2009,0.7466666666666666
KR,2010,0.7633333333333333
KR,2011,0.7983333333333333
KR,2012,0.7366666666666667
KR,2013,0.7516666666666666
KR,2014,0.7466666666666667
KR,2015,0.685
KR,2016,0.7433333333333333
KR,2017,0.8066666666666666
KR,2018,0.9066666666666666
KR,2019,0.9249999999999999
KR,2020,0.945
KR,2021,0.9750000000000001
KR,2022,0.9783333333333334
KR,2023,1.0216666666666667
KW,2006,0.225
KW,2007,0.22666666666666666
KW,2008,0.18166666666666664
KW,2009,0.18000000000000002
KW,2010,0.18833333333333332
KW,2011,0.075
KW,2012,-0.06833333333333334
KW,2013,-0.08166666666666668
KW,2014,-0.17500000000000002
KW,2015,-0.23833333333333337
KW,2016,-0.21166666666666667
KW,2017,-0.20666666666666667
KW,2018,-0.125
KW,2019,-0.07
KW,2020,-0.026666666666666672
KW,2021,-0.02833333333333332
KW,2022,0.056666666666666664
KW,2023,0.11666666666666665
KY,2006,1.1383333333333334
KY,2007,1.135
KY,2008,1.0333333333333334
KY,2009,1.0116666666666667
KY,2010,1.025
KY,2011,1.0866666666666667
KY,2012,1.02
KY,2013,1.0250000000000001
KY,2014,0.8583333333333334
KY,2015,0.8799999999999999
KY,2016,0.7933333333333333
KY,2017,0.7983333333333333
KY,2018,0.8183333333333334
KY,2019,0.855
KY,2020,0.875
KY,2021,0.98
KY,2022,0.9916666666666667
KY,2023,0.9766666666666666
KZ,2006,-0.65
KZ,2007,-0.5916666666666667
KZ,2008,-0.53
KZ,2009,-0.44333333333333336
KZ,2010,-0.5133333333333333
KZ,2011,-0.6416666666666667
KZ,2012,-0.7000000000000001
KZ,2013,-0.715
KZ,2014,-0.48333333333333334
KZ,2015,-0.4716666666666667
KZ,2016,-0.4749999999999999
KZ,2017,-0.41333333333333333
KZ,2018,-0.365
KZ,2019,-0.33666666666666667
KZ,2020,-0.345
KZ,2021,-0.33666666666666667
KZ,2022,-0.345
KZ,2023,-0.295
LA,2006,-1.0716666666666665
LA,2007,-1.04
LA,2008,-0.9666666666666667
LA,2009,-1.0316666666666665
LA,2010,-1.0033333333333332
LA,2011,-0.9583333333333334
LA,2012,-0.8616666666666667
LA,2013,-0.82
LA,2014,-0.6900000000000001
LA,2015,-0.7283333333333334
LA,2016,-0.7050000000000001
LA,2017,-0.7333333333333334
LA,2018,-0.79
LA,2019,-0.82
LA,2020,-0.7733333333333334
LA,2021,-0.7033333333333335
LA,2022,-0.7050000000000001
LA,2023,-0.6983333333333333
LB,2006,-0.7033333333333333
LB,2007,-0.7933333333333333
LB,2008,-0.7383333333333333
LB,2009,-0.6483333333333333
LB,2010,-0.6066666666666667
LB,2011,-0.6233333333333334
LB,2012,-0.6666666666666666
LB,2013,-0.69
LB,2014,-0.7399999999999999
LB,2015,-0.7733333333333333
LB,2016,-0.8066666666666666
LB,2017,-0.8133333333333334
LB,2018,-0.86
LB,2019,-0.9249999999999999
LB,2020,-1.0416666666666667
LB,2021,-1.1116666666666666
LB,2022,-1.145
LB,2023,-1.1933333333333334
LC,2006,1.0016666666666667
LC,2007,0.89
LC,2008,0.8833333333333333
LC,2009,0.9249999999999999
LC,2010,0.8850000000000001
LC,2011,0.9199999999999999
LC,2012,0.8033333333333333
LC,2013,0.8133333333333334
LC,2014,0.5633333333333334
LC,2015,0.58
LC,2016,0.5950000000000001
LC,2017,0.64
LC,2018,0.6166666666666667
LC,2019,0.6
LC,2020,0.6016666666666667
LC,2021,0.5183333333333333
LC,2022,0.5766666666666667
LC,2023,0.5833333333333334
LI,2006,1.3416666666666668
LI,2007,1.3766666666666667
LI,2008,1.4083333333333332
LI,2009,1.6166666666666665
LI,2010,1.6500000000000001
LI,2011,1.62
LI,2012,1.6016666666666666
LI,2013,1.6033333333333335
LI,2014,1.6333333333333335
LI,2015,1.5866666666666667
LI,2016,1.5583333333333333
LI,2017,1.5966666666666667
LI,2018,1.5916666666666668
LI,2019,1.595
LI,2020,1.665
LI,2021,1.5483333333333331
LI,2022,1.595
LI,2023,1.6133333333333333
LK,2006,-0.36166666666666664
LK,2007,-0.43166666666666664
LK,2008,-0.4983333333333333
LK,2009,-0.46
LK,2010,-0.4066666666666667
LK,2011,-0.3383333333333334
LK,2012,-0.33
LK,2013,-0.3383333333333334
LK,2014,-0.25666666666666665
LK,2015,-0.10666666666666667
LK,2016,-0.07833333333333334
LK,2017,-0.155
LK,2018,-0.16333333333333333
LK,2019,-0.15333333333333332
LK,2020,-0.13166666666666668
LK,2021,-0.21666666666666667
LK,2022,-0.41500000000000004
LK,2023,-0.3283333333333333
LR,2006,-0.9433333333333334
LR,2007,-0.84
LR,2008,-0.9750000000000001
LR,2009,-0.87
LR,2010,-0.7516666666666666
LR,2011,-0.77
LR,2012,-0.75
LR,2013,-0.7916666666666666
LR,2014,-0.7833333333333333
LR,2015,-0.8116666666666666
LR,2016,-0.7599999999999999
LR,2017,-0.7133333333333334
LR,2018,-0.735
LR,2019,-0.79
LR,2020,-0.8016666666666666
LR,2021,-0.7599999999999999
LR,2022,-0.755
LR,2023,-0.7116666666666668
LS,2006,-0.22833333333333336
LS,2007,-0.3233333333333333
LS,2008,-0.265
LS,2009,-0.14166666666666666
LS,2010,-0.13
LS,2011,-0.13999999999999999
LS,2012,-0.12833333333333333
LS,2013,-0.049999999999999996
LS,2014,-0.20333333333333334
LS,2015,-0.26666666666666666
LS,2016,-0.305
LS,2017,-0.31
LS,2018,-0.36166666666666675
LS,2019,-0.4166666666666667
LS,2020,-0.4216666666666667
LS,2021,-0.45166666666666666
LS,2022,-0.43166666666666664
LS,2023,-0.4683333333333333
LT,2006,0.715
LT,2007,0.695
LT,2008,0.665
LT,2009,0.6866666666666666
LT,2010,0.7483333333333334
LT,2011,0.7083333333333334
LT,2012,0.8166666666666668
LT,2013,0.855
LT,2014,0.8933333333333332
LT,2015,0.9483333333333333
LT,2016,0.9400000000000001
LT,2017,0.8866666666666667
LT,2018,0.8566666666666668
LT,2019,0.93
LT,2020,0.9566666666666667
LT,2021,1.0033333333333332
LT,2022,0.9700000000000001
LT,2023,1.0416666666666667
LU,2006,1.625
LU,2007,1.6766666666666667
LU,2008,1.6816666666666666
LU,2009,1.695
LU,2010,1.7166666666666668
LU,2011,1.7483333333333333
LU,2012,1.7166666666666668
LU,2013,1.715
LU,2014,1.6966666666666665
LU,2015,1.7016666666666664
LU,2016,1.6733333333333331
LU,2017,1.6333333333333335
LU,2018,1.7
LU,2019,1.6716666666666666
LU,2020,1.6833333333333333
LU,2021,1.6449999999999998
LU,2022,1.6416666666666666
LU,2023,1.7
LV,2006,0.7083333333333334
LV,2007,0.6383333333333333
LV,2008,0.58
LV,2009,0.6216666666666667
LV,2010,0.655
LV,2011,0.62
LV,2012,0.6816666666666666
LV,2013,0.7266666666666667
LV,2014,0.7899999999999999
LV,2015,0.7683333333333334
LV,2016,0.7799999999999999
LV,2017,0.7766666666666667
LV,2018,0.7566666666666667
LV,2019,0.8333333333333334
LV,2020,0.8266666666666667
LV,2021,0.8816666666666667
LV,2022,0.8166666666666668
LV,2023,0.8649999999999999
LY,2006,-1.055
LY,2007,-0.9249999999999999
LY,2008,-0.8583333333333334
LY,2009,-0.9166666666666666
LY,2010,-1.095
LY,2011,-1.2783333333333333
LY,2012,-1.28
LY,2013,-1.43
LY,2014,-1.665
LY,2015,-1.7283333333333333
LY,2016,-1.8250000000000002
LY,2017,-1.7983333333333336
LY,2018,-1.8499999999999999
LY,2019,-1.9083333333333332
LY,2020,-1.8933333333333335
LY,2021,-1.8099999999999998
LY,2022,-1.7916666666666667
LY,2023,-1.7416666666666665
MA,2006,-0.4083333333333334
MA,2007,-0.41500000000000004
MA,2008,-0.445
MA,2009,-0.35833333333333334
MA,2010,-0.3116666666666667
MA,2011,-0.38000000000000006
MA,2012,-0.3516666666666666
MA,2013,-0.355
MA,2014,-0.2916666666666667
MA,2015,-0.2816666666666667
MA,2016,-0.2916666666666667
MA,2017,-0.3333333333333333
MA,2018,-0.3633333333333333
MA,2019,-0.32166666666666666
MA,2020,-0.29833333333333334
MA,2021,-0.325
MA,2022,-0.28
MA,2023,-0.27166666666666667
MC,2006,0.9733333333333333
MC,2007,0.9500000000000001
MC,2008,0.9666666666666667
MC,2009,0.9566666666666667
MC,2010,0.9533333333333333
MC,2011,0.9266666666666667
MC,2012,0.9266666666666667
MC,2013,0.9366666666666666
MC,2014,1.005
MC,2015,1.43
MC,2016,1.4083333333333332
MC,2017,1.4733333333333334
MC,2018,1.4349999999999998
MC,2019,1.4333333333333333
MC,2020,1.31
MC,2021,1.3216666666666665
MC,2022,1.3533333333333333
MC,2023,1.3216666666666665
MD,2006,-0.4916666666666667
MD,2007,-0.43
MD,2008,-0.435
MD,2009,-0.45166666666666666
MD,2010,-0.3766666666666667
MD,2011,-0.2783333333333333
MD,2012,-0.265
MD,2013,-0.2816666666666667
MD,2014,-0.27666666666666667
MD,2015,-0.4066666666666667
MD,2016,-0.445
MD,2017,-0.375
MD,2018,-0.3766666666666667
MD,2019,-0.35000000000000003
MD,2020,-0.3416666666666666
MD,2021,-0.24
MD,2022,-0.2333333333333333
MD,2023,-0.15333333333333335
ME,2006,-0.11166666666666668
ME,2007,-0.10166666666666668
ME,2008,0.09999999999999999
ME,2009,0.13999999999999999
ME,2010,0.09666666666666666
ME,2011,0.09666666666666666
ME,2012,0.13
ME,2013,0.09999999999999999
ME,2014,0.13
ME,2015,0.085
ME,2016,0.08333333333333333
ME,2017,0.06
ME,2018,0.09500000000000001
ME,2019,0.09000000000000001
ME,2020,0.034999999999999996
ME,2021,0.065
ME,2022,0.06666666666666667
ME,2023,0.15166666666666664
MG,2006,-0.24333333333333332
MG,2007,-0.23666666666666666
MG,2008,-0.43
MG,2009,-0.6666666666666666
MG,2010,-0.79
MG,2011,-0.7633333333333333
MG,2012,-0.7866666666666666
MG,2013,-0.8183333333333334
MG,2014,-0.7799999999999999
MG,2015,-0.7566666666666667
MG,2016,-0.7233333333333333
MG,2017,-0.755
MG,2018,-0.7933333333333333
MG,2019,-0.765
MG,2020,-0.7533333333333334
MG,2021,-0.755
MG,2022,-0.7466666666666666
MG,2023,-0.7999999999999999
MH,2006,0.03833333333333335
MH,2007,0.025000000000000022
MH,2008,-0.015000000000000013
MH,2009,-0.0666666666666667
MH,2010,-0.07333333333333332
MH,2011,-0.09166666666666667
MH,2012,-0.09333333333333334
MH,2013,-0.055000000000000014
MH,2014,-0.14333333333333334
MH,2015,0.255
MH,2016,0.2933333333333333
MH,2017,0.3583333333333334
MH,2018,0.27499999999999997
MH,2019,0.3633333333333333
MH,2020,0.4366666666666666
MH,2021,0.43166666666666664
MH,2022,0.515
MH,2023,0.5083333333333333
MK,2006,-0.28833333333333333
MK,2007,-0.19333333333333333
MK,2008,-0.09999999999999999
MK,2009,-0.08499999999999998
MK,2010,-0.12333333333333334
MK,2011,-0.17333333333333334
MK,2012,-0.12833333333333333
MK,2013,-0.11499999999999999
MK,2014,0.07833333333333332
MK,2015,-0.10833333333333332
MK,2016,-0.14666666666666667
MK,2017,-0.10333333333333335
MK,2018,-0.06
MK,2019,-0.07666666666666667
MK,2020,0.006666666666666664
MK,2021,0.001666666666666668
MK,2022,0.04833333333333334
MK,2023,0.03166666666666667
ML,2006,-0.21333333333333335
ML,2007,-0.21666666666666665
ML,2008,-0.27666666666666667
ML,2009,-0.3766666666666667
ML,2010,-0.41333333333333333
ML,2011,-0.4816666666666667
ML,2012,-0.9049999999999999
ML,2013,-0.8266666666666667
ML,2014,-0.8300000000000001
ML,2015,-0.82
ML,2016,-0.8233333333333334
ML,2017,-0.8583333333333333
ML,2018,-0.9283333333333333
ML,2019,-0.9883333333333333
ML,2020,-1.0866666666666667
ML,2021,-1.1366666666666667
ML,2022,-1.18
ML,2023,-1.2333333333333332
MM,2006,-1.6566666666666665
MM,2007,-1.7033333333333331
MM,2008,-1.7016666666666669
MM,2009,-1.7516666666666667
MM,2010,-1.7416666666666665
MM,2011,-1.616666666666667
MM,2012,-1.3833333333333335
MM,2013,-1.3099999999999998
MM,2014,-1.2
MM,2015,-1.1733333333333333
MM,2016,-0.8383333333333334
MM,2017,-0.9033333333333333
MM,2018,-0.9433333333333334
MM,2019,-0.9750000000000001
MM,2020,-0.995
MM,2021,-1.4666666666666668
MM,2022,-1.6033333333333335
MM,2023,-1.6666666666666667
MN,2006,-0.13666666666666666
MN,2007,-0.13166666666666668
MN,2008,-0.17500000000000002
MN,2009,-0.20833333333333334
MN,2010,-0.20333333333333334
MN,2011,-0.18666666666666665
MN,2012,-0.20333333333333334
MN,2013,-0.18500000000000003
MN,2014,-0.07999999999999999
MN,2015,-0.125
MN,2016,0.03000000000000001
MN,2017,-0.023333333333333334
MN,2018,0.016666666666666646
MN,2019,0.001666666666666659
MN,2020,-0.033333333333333326
MN,2021,-0.09166666666666667
MN,2022,-0.10833333333333332
MN,2023,-0.08
MO,2006,0.6966666666666667
MO,2007,0.525
MO,2008,0.5816666666666667
MO,2009,0.7833333333333333
MO,2010,0.8383333333333334
MO,2011,0.8333333333333334
MO,2012,0.65
MO,2013,0.68
MO,2014,0.9766666666666666
MO,2015,0.9583333333333334
MO,2016,0.975
MO,2017,0.975
MO,2018,0.9283333333333333
MO,2019,0.8633333333333334
MO,2020,0.8733333333333334
MO,2021,0.8266666666666667
MO,2022,0.8633333333333334
MO,2023,0.8450000000000001
MR,2006,-0.5866666666666667
MR,2007,-0.6066666666666667
MR,2008,-0.8683333333333333
MR,2009,-0.81
MR,2010,-0.9049999999999999
MR,2011,-0.9049999999999999
MR,2012,-0.8883333333333333
MR,2013,-0.915
MR,2014,-0.8516666666666667
MR,2015,-0.89
MR,2016,-0.7783333333333333
MR,2017,-0.7400000000000001
MR,2018,-0.7866666666666666
MR,2019,-0.7133333333333334
MR,2020,-0.7799999999999999
MR,2021,-0.7866666666666667
MR,2022,-0.7466666666666667
MR,2023,-0.73
MT,2006,1.1866666666666668
MT,2007,1.2466666666666668
MT,2008,1.265
MT,2009,1.195
MT,2010,1.2049999999999998
MT,2011,1.1266666666666667
MT,2012,1.18
MT,2013,1.175
MT,2014,1.075
MT,2015,1.0316666666666665
MT,2016,0.9966666666666667
MT,2017,1.0766666666666667
MT,2018,1.0333333333333334
MT,2019,0.8300000000000001
MT,2020,0.9233333333333333
MT,2021,0.79
MT,2022,0.7483333333333334
MT,2023,0.6116666666666667
MU,2006,0.66
MU,2007,0.6983333333333333
MU,2008,0.7833333333333333
MU,2009,0.7433333333333333
MU,2010,0.7516666666666666
MU,2011,0.7999999999999999
MU,2012,0.8483333333333333
MU,2013,0.8166666666666668
MU,2014,0.8716666666666667
MU,2015,0.8583333333333333
MU,2016,0.7883333333333334
MU,2017,0.765
MU,2018,0.7383333333333333
MU,2019,0.7233333333333333
MU,2020,0.8233333333333333
MU,2021,0.7916666666666666
MU,2022,0.7666666666666666
MU,2023,0.7383333333333333
MV,2006,-0.04999999999999999
MV,2007,-0.27666666666666667
MV,2008,-0.3383333333333333
MV,2009,-0.32
MV,2010,-0.27666666666666667
MV,2011,-0.36000000000000004
MV,2012,-0.445
MV,2013,-0.4083333333333334
MV,2014,-0.18000000000000002
MV,2015,-0.28833333333333333
MV,2016,-0.315
MV,2017,-0.43999999999999995
MV,2018,-0.4916666666666667
MV,2019,-0.2916666666666667
MV,2020,-0.19166666666666665
MV,2021,-0.044999999999999984
MV,2022,-0.10333333333333333
MV,2023,-0.14833333333333334
MW,2006,-0.395
MW,2007,-0.325
MW,2008,-0.33499999999999996
MW,2009,-0.27666666666666667
MW,2010,-0.315
MW,2011,-0.3566666666666667
MW,2012,-0.35833333333333334
MW,2013,-0.3933333333333333
MW,2014,-0.4183333333333333
MW,2015,-0.45
MW,2016,-0.5016666666666667
MW,2017,-0.48
MW,2018,-0.535
MW,2019,-0.5116666666666667
MW,2020,-0.39999999999999997
MW,2021,-0.3666666666666667
MW,2022,-0.42
MW,2023,-0.425
MX,2006,-0.14833333333333334
MX,2007,-0.16333333333333333
MX,2008,-0.19999999999999998
MX,2009,-0.18333333333333335
MX,2010,-0.21333333333333335
MX,2011,-0.19000000000000003
MX,2012,-0.14166666666666666
MX,2013,-0.17
MX,2014,-0.2683333333333333
MX,2015,-0.30333333333333334
MX,2016,-0.31666666666666665
MX,2017,-0.38666666666666666
MX,2018,-0.41333333333333333
MX,2019,-0.45166666666666666
MX,2020,-0.44333333333333336
MX,2021,-0.5316666666666666
MX,2022,-0.52
MX,2023,-0.4916666666666667
MY,2006,0.365
MY,2007,0.32166666666666666
MY,2008,0.17500000000000002
MY,2009,0.1516666666666667
MY,2010,0.2916666666666667
MY,2011,0.26166666666666666
MY,2012,0.27
MY,2013,0.3233333333333333
MY,2014,0.4633333333333333
MY,2015,0.3433333333333333
MY,2016,0.26833333333333337
MY,2017,0.25666666666666665
MY,2018,0.435
MY,2019,0.38999999999999996
MY,2020,0.4116666666666667
MY,2021,0.3733333333333333
MY,2022,0.43333333333333335
MY,2023,0.445
MZ,2006,-0.3516666666666666
MZ,2007,-0.3383333333333334
MZ,2008,-0.3116666666666667
MZ,2009,-0.2583333333333333
MZ,2010,-0.28833333333333333
MZ,2011,-0.345
MZ,2012,-0.35000000000000003
MZ,2013,-0.49499999999999994
MZ,2014,-0.5416666666666666
MZ,2015,-0.6383333333333333
MZ,2016,-0.8666666666666667
MZ,2017,-0.8233333333333334
MZ,2018,-0.8250000000000001
MZ,2019,-0.8233333333333334
MZ,2020,-0.8883333333333333
MZ,2021,-0.8933333333333334
MZ,2022,-0.8650000000000001
MZ,2023,-0.8583333333333333
NA,2006,0.33166666666666667
NA,2007,0.365
NA,2008,0.5750000000000001
NA,2009,0.38000000000000006
NA,2010,0.35000000000000003
NA,2011,0.31833333333333336
NA,2012,0.39666666666666667
NA,2013,0.40166666666666667
NA,2014,0.3216666666666667
NA,2015,0.36000000000000004
NA,2016,0.3666666666666667
NA,2017,0.3016666666666667
NA,2018,0.3183333333333333
NA,2019,0.3016666666666667
NA,2020,0.2866666666666667
NA,2021,0.27666666666666667
NA,2022,0.3016666666666667
NA,2023,0.27499999999999997
NE,2006,-0.5633333333333334
NE,2007,-0.5933333333333334
NE,2008,-0.6183333333333333
NE,2009,-0.705
NE,2010,-0.7083333333333334
NE,2011,-0.5683333333333334
NE,2012,-0.6749999999999999
NE,2013,-0.705
NE,2014,-0.695
NE,2015,-0.67
NE,2016,-0.715
NE,2017,-0.7599999999999999
NE,2018,-0.7783333333333333
NE,2019,-0.7783333333333333
NE,2020,-0.8083333333333332
NE,2021,-0.7233333333333333
NE,2022,-0.7116666666666666
NE,2023,-0.85
NG,2006,-1.1300000000000001
NG,2007,-1.1366666666666667
NG,2008,-1.0583333333333333
NG,2009,-1.1666666666666667
NG,2010,-1.1849999999999998
NG,2011,-1.14
NG,2012,-1.13
NG,2013,-1.135
NG,2014,-1.1816666666666666
NG,2015,-1.0433333333333332
NG,2016,-1.0566666666666666
NG,2017,-1.0483333333333333
NG,2018,-1.0883333333333334
NG,2019,-1.0933333333333333
NG,2020,-1.0983333333333334
NG,2021,-1.0616666666666668
NG,2022,-1.1033333333333333
NG,2023,-1.0066666666666666
NI,2006,-0.535
NI,2007,-0.5499999999999999
NI,2008,-0.5850000000000001
NI,2009,-0.6116666666666667
NI,2010,-0.6383333333333333
NI,2011,-0.5933333333333334
NI,2012,-0.6
NI,2013,-0.54
NI,2014,-0.5483333333333333
NI,2015,-0.5733333333333334
NI,2016,-0.6016666666666667
NI,2017,-0.6166666666666667
NI,2018,-0.9483333333333334
NI,2019,-0.9683333333333334
NI,2020,-0.9049999999999999
NI,2021,-1.02
NI,2022,-1.0433333333333332
NI,2023,-1.0250000000000001
NL,2006,1.6183333333333334
NL,2007,1.625
NL,2008,1.61
NL,2009,1.63
NL,2010,1.6316666666666666
NL,2011,1.6933333333333334
NL,2012,1.7216666666666667
NL,2013,1.6883333333333335
NL,2014,1.6883333333333335
NL,2015,1.6383333333333334
NL,2016,1.655
NL,2017,1.6283333333333332
NL,2018,1.6316666666666666
NL,2019,1.5866666666666667
NL,2020,1.6033333333333335
NL,2021,1.5916666666666668
NL,2022,1.5250000000000001
NL,2023,1.5250000000000001
NO,2006,1.6633333333333333
NO,2007,1.6600000000000001
NO,2008,1.6483333333333334
NO,2009,1.6633333333333333
NO,2010,1.7133333333333336
NO,2011,1.7333333333333334
NO,2012,1.7833333333333332
NO,2013,1.8150000000000002
NO,2014,1.75
NO,2015,1.74
NO,2016,1.7516666666666667
NO,2017,1.7933333333333332
NO,2018,1.7383333333333333
NO,2019,1.7316666666666667
NO,2020,1.7533333333333332
NO,2021,1.7133333333333332
NO,2022,1.655
NO,2023,1.6683333333333332
NP,2006,-0.9249999999999999
NP,2007,-0.86
NP,2008,-0.8816666666666667
NP,2009,-0.8866666666666667
NP,2010,-0.8916666666666667
NP,2011,-0.8666666666666667
NP,2012,-0.895
NP,2013,-0.81
NP,2014,-0.6833333333333332
NP,2015,-0.7799999999999999
NP,2016,-0.7366666666666667
NP,2017,-0.6549999999999999
NP,2018,-0.5966666666666667
NP,2019,-0.6116666666666667
NP,2020,-0.5183333333333333
NP,2021,-0.48333333333333334
NP,2022,-0.4716666666666667
NP,2023,-0.4483333333333333
NR,2006,1.03
NR,2007,0.16833333333333336
NR,2008,0.1366666666666667
NR,2009,0.18999999999999997
NR,2010,0.22999999999999998
NR,2011,0.16833333333333336
NR,2012,0.18166666666666667
NR,2013,0.021666666666666706
NR,2014,-0.3133333333333333
NR,2015,0.10166666666666668
NR,2016,0.16166666666666668
NR,2017,0.17833333333333334
NR,2018,0.3333333333333333
NR,2019,0.25333333333333335
NR,2020,0.3116666666666667
NR,2021,0.3033333333333333
NR,2022,0.3833333333333333
NR,2023,0.355
NU,2006,
NU,2007,
NU,2008,
NU,2009,-0.42333333333333334
NU,2010,-0.3733333333333333
NU,2011,-0.704
NU,2012,-0.724
NU,2013,-0.718
NU,2014,
NU,2015,
NU,2016,
NU,2017,
NU,2018,1.24
NU,2019,1.3650000000000002
NU,2020,1.315
NU,2021,1.315
NU,2022,0.5483333333333333
NU,2023,0.13999999999999999
NZ,2006,1.6900000000000002
NZ,2007,1.7083333333333333
NZ,2008,1.71
NZ,2009,1.7533333333333332
NZ,2010,1.76
NZ,2011,1.8283333333333334
NZ,2012,1.8
NZ,2013,1.805
NZ,2014,1.8499999999999999
NZ,2015,1.8383333333333332
NZ,2016,1.8366666666666667
NZ,2017,1.835
NZ,2018,1.7866666666666668
NZ,2019,1.7383333333333333
NZ,2020,1.7400000000000002
NZ,2021,1.6733333333333331
NZ,2022,1.6783333333333335
NZ,2023,1.7133333333333332
OM,2006,0.19999999999999998
OM,2007,0.2583333333333333
OM,2008,0.34
OM,2009,0.25666666666666665
OM,2010,0.20166666666666666
OM,2011,0.085
OM,2012,0.1416666666666667
OM,2013,0.12
OM,2014,0.2283333333333333
OM,2015,0.1516666666666667
OM,2016,0.18833333333333332
OM,2017,0.14166666666666664
OM,2018,0.09166666666666667
OM,2019,0.1466666666666667
OM,2020,0.10166666666666668
OM,2021,-0.026666666666666655
OM,2022,0.06333333333333335
OM,2023,0.18666666666666665
PA,2006,0.065
PA,2007,0.09666666666666666
PA,2008,0.17166666666666663
PA,2009,0.12
PA,2010,0.09666666666666668
PA,2011,0.14
PA,2012,0.07666666666666666
PA,2013,0.06999999999999999
PA,2014,0.17500000000000002
PA,2015,0.18333333333333335
PA,2016,0.16666666666666666
PA,2017,0.12666666666666668
PA,2018,0.07333333333333335
PA,2019,0.09000000000000001
PA,2020,0.07166666666666667
PA,2021,0.04833333333333334
PA,2022,-0.026666666666666655
PA,2023,-0.05166666666666666
PE,2006,-0.3933333333333333
PE,2007,-0.345
PE,2008,-0.2983333333333333
PE,2009,-0.36166666666666664
PE,2010,-0.25999999999999995
PE,2011,-0.20999999999999996
PE,2012,-0.255
PE,2013,-0.25
PE,2014,-0.22333333333333336
PE,2015,-0.19999999999999998
PE,2016,-0.11
PE,2017,-0.15333333333333335
PE,2018,-0.18500000000000003
PE,2019,-0.09000000000000001
PE,2020,-0.13833333333333334
PE,2021,-0.26833333333333337
PE,2022,-0.3316666666666667
PE,2023,-0.32
PG,2006,-0.7266666666666667
PG,2007,-0.6533333333333333
PG,2008,-0.6816666666666666
PG,2009,-0.7133333333333334
PG,2010,-0.685
PG,2011,-0.6466666666666666
PG,2012,-0.6133333333333333
PG,2013,-0.6
PG,2014,-0.49500000000000005
PG,2015,-0.5616666666666666
PG,2016,-0.5616666666666666
PG,2017,-0.6033333333333334
PG,2018,-0.57
PG,2019,-0.625
PG,2020,-0.5733333333333334
PG,2021,-0.6316666666666667
PG,2022,-0.5816666666666667
PG,2023,-0.5183333333333334
PH,2006,-0.5583333333333333
PH,2007,-0.49500000000000005
PH,2008,-0.5466666666666667
PH,2009,-0.5333333333333333
PH,2010,-0.5283333333333333
PH,2011,-0.43
PH,2012,-0.3433333333333333
PH,2013,-0.2816666666666667
PH,2014,-0.16
PH,2015,-0.23166666666666666
PH,2016,-0.34
PH,2017,-0.33666666666666667
PH,2018,-0.3566666666666667
PH,2019,-0.3233333333333333
PH,2020,-0.3116666666666667
PH,2021,-0.37333333333333335
PH,2022,-0.275
PH,2023,-0.20666666666666667
PK,2006,-0.9083333333333333
PK,2007,-1.02
PK,2008,-1.1033333333333333
PK,2009,-1.135
PK,2010,-1.1166666666666667
PK,2011,-1.185
PK,2012,-1.1616666666666668
PK,2013,-1.1216666666666666
PK,2014,-1.0266666666666666
PK,2015,-1.0266666666666666
PK,2016,-1.0416666666666667
PK,2017,-0.9766666666666667
PK,2018,-0.9800000000000001
PK,2019,-1.015
PK,2020,-0.9283333333333333
PK,2021,-0.87
PK,2022,-0.9466666666666668
PK,2023,-1.0383333333333333
PL,2006,0.47000000000000003
PL,2007,0.5633333333333334
PL,2008,0.6933333333333334
PL,2009,0.7600000000000001
PL,2010,0.8216666666666667
PL,2011,0.835
PL,2012,0.875
PL,2013,0.8616666666666667
PL,2014,0.8883333333333333
PL,2015,0.8466666666666667
PL,2016,0.7083333333333334
PL,2017,0.625
PL,2018,0.6016666666666667
PL,2019,0.6233333333333334
PL,2020,0.57
PL,2021,0.5216666666666666
PL,2022,0.505
PL,2023,0.57
PR,2006,0.7050000000000001
PR,2007,0.6783333333333333
PR,2008,0.6616666666666666
PR,2009,0.5833333333333334
PR,2010,0.6016666666666667
PR,2011,0.61
PR,2012,0.65
PR,2013,0.5466666666666667
PR,2014,0.68
PR,2015,0.5516666666666666
PR,2016,0.5016666666666666
PR,2017,0.39833333333333326
PR,2018,0.3416666666666666
PR,2019,0.2783333333333333
PR,2020,0.33499999999999996
PR,2021,0.41
PR,2022,0.3333333333333333
PR,2023,0.2866666666666667
PS,2006,-0.815
PS,2007,-0.935
PS,2008,-1.0733333333333335
PS,2009,-0.7166666666666667
PS,2010,-0.545
PS,2011,-0.7066666666666667
PS,2012,-0.7083333333333334
PS,2013,-0.6633333333333333
PS,2014,-0.635
PS,2015,-0.765
PS,2016,-0.7033333333333333
PS,2017,-0.6016666666666667
PS,2018,-0.7066666666666667
PS,2019,-0.7583333333333333
PS,2020,-0.805
PS,2021,-0.8466666666666667
PS,2022,-0.8233333333333333
PS,2023,-0.9733333333333333
PT,2006,1.0166666666666666
PT,2007,1.0083333333333333
PT,2008,1.0733333333333335
PT,2009,1.035
PT,2010,0.9366666666666666
PT,2011,0.9116666666666667
PT,2012,0.9383333333333334
PT,2013,0.96
PT,2014,0.9466666666666668
PT,2015,1.02
PT,2016,1.0
PT,2017,1.07
PT,2018,1.045
PT,2019,1.0316666666666665
PT,2020,0.9916666666666666
PT,2021,0.9516666666666667
PT,2022,0.9433333333333334
PT,2023,0.9066666666666666
PW,2006,1.07
PW,2007,1.0533333333333335
PW,2008,0.22666666666666666
PW,2009,0.27166666666666667
PW,2010,0.19499999999999998
PW,2011,0.18999999999999997
PW,2012,0.19333333333333336
PW,2013,0.15833333333333335
PW,2014,0.09833333333333333
PW,2015,0.585
PW,2016,0.65
PW,2017,0.6933333333333334
PW,2018,0.695
PW,2019,0.7066666666666667
PW,2020,0.7466666666666667
PW,2021,0.7383333333333333
PW,2022,0.765
PW,2023,0.7566666666666667
PY,2006,-0.805
PY,2007,-0.75
PY,2008,-0.6833333333333332
PY,2009,-0.6616666666666667
PY,2010,-0.62
PY,2011,-0.575
PY,2012,-0.6333333333333334
PY,2013,-0.6316666666666667
PY,2014,-0.49166666666666664
PY,2015,-0.48333333333333334
PY,2016,-0.40499999999999997
PY,2017,-0.425
PY,2018,-0.36999999999999994
PY,2019,-0.35833333333333334
PY,2020,-0.32166666666666666
PY,2021,-0.41500000000000004
PY,2022,-0.4033333333333333
PY,2023,-0.3433333333333333
QA,2006,0.41333333333333333
QA,2007,0.32666666666666666
QA,2008,0.4916666666666667
QA,2009,0.7216666666666667
QA,2010,0.64
QA,2011,0.5166666666666666
QA,2012,0.6749999999999999
QA,2013,0.6816666666666666
QA,2014,0.5366666666666666
QA,2015,0.5066666666666667
QA,2016,0.46
QA,2017,0.3333333333333333
QA,2018,0.3433333333333333
QA,2019,0.37999999999999995
QA,2020,0.47
QA,2021,0.5466666666666667
QA,2022,0.6066666666666666
QA,2023,0.6383333333333333
RE,2006,0.9866666666666667
RE,2007,0.9816666666666666
RE,2008,0.9066666666666666
RE,2009,0.9066666666666666
RE,2010,0.9033333333333333
RE,2011,0.8966666666666666
RE,2012,0.895
RE,2013,0.8933333333333334
RE,2014,0.85
RE,2015,0.8240000000000001
RE,2016,0.8320000000000001
RE,2017,0.8380000000000001
RE,2018,0.8240000000000001
RE,2019,0.7619999999999999
RE,2020,0.658
RE,2021,0.6759999999999999
RE,2022,0.698
RE,2023,0.5860000000000001
RO,2006,0.09666666666666668
RO,2007,0.08666666666666667
RO,2008,0.12
RO,2009,0.1366666666666667
RO,2010,0.17
RO,2011,0.13999999999999999
RO,2012,0.08333333333333333
RO,2013,0.18999999999999997
RO,2014,0.22
RO,2015,0.22833333333333336
RO,2016,0.26333333333333336
RO,2017,0.21666666666666665
RO,2018,0.15666666666666665
RO,2019,0.24333333333333332
RO,2020,0.2383333333333333
RO,2021,0.26999999999999996
RO,2022,0.2966666666666667
RO,2023,0.26333333333333336
RS,2006,-0.32
RS,2007,-0.2966666666666667
RS,2008,-0.2816666666666667
RS,2009,-0.19833333333333333
RS,2010,-0.17166666666666666
RS,2011,-0.13
RS,2012,-0.15833333333333333
RS,2013,-0.11
RS,2014,0.03833333333333333
RS,2015,0.03333333333333334
RS,2016,-0.03333333333333333
RS,2017,-0.06666666666666667
RS,2018,-0.06666666666666667
RS,2019,-0.10666666666666667
RS,2020,-0.1366666666666667
RS,2021,-0.125
RS,2022,-0.105
RS,2023,-0.07833333333333332
RU,2006,-0.77
RU,2007,-0.7466666666666667
RU,2008,-0.7549999999999999
RU,2009,-0.7683333333333332
RU,2010,-0.7716666666666666
RU,2011,-0.7683333333333332
RU,2012,-0.765
RU,2013,-0.735
RU,2014,-0.7116666666666666
RU,2015,-0.8033333333333333
RU,2016,-0.7549999999999999
RU,2017,-0.7016666666666667
RU,2018,-0.6616666666666667
RU,2019,-0.62
RU,2020,-0.6783333333333333
RU,2021,-0.7283333333333334
RU,2022,-1.0483333333333333
RU,2023,-1.09
RW,2006,-0.6433333333333333
RW,2007,-0.52
RW,2008,-0.4583333333333333
RW,2009,-0.4683333333333333
RW,2010,-0.3266666666666667
RW,2011,-0.27499999999999997
RW,2012,-0.2383333333333333
RW,2013,-0.15166666666666664
RW,2014,-0.07166666666666667
RW,2015,-0.08333333333333331
RW,2016,-0.07999999999999997
RW,2017,-0.010000000000000009
RW,2018,-0.046666666666666634
RW,2019,-0.06333333333333335
RW,2020,-0.023333333333333334
RW,2021,0.023333333333333334
RW,2022,0.040000000000000015
RW,2023,0.10000000000000002
SA,2006,-0.4566666666666667
SA,2007,-0.39999999999999997
SA,2008,-0.3333333333333333
SA,2009,-0.37166666666666665
SA,2010,-0.2816666666666667
SA,2011,-0.4883333333333333
SA,2012,-0.3566666666666667
SA,2013,-0.3416666666666666
SA,2014,-0.29666666666666663
SA,2015,-0.3666666666666667
SA,2016,-0.235
SA,2017,-0.29
SA,2018,-0.2866666666666667
SA,2019,-0.285
SA,2020,-0.24000000000000002
SA,2021,-0.15333333333333332
SA,2022,-0.031666666666666655
SA,2023,0.10666666666666669
SB,2006,-0.465
SB,2007,-0.5133333333333333
SB,2008,-0.4916666666666667
SB,2009,-0.49333333333333335
SB,2010,-0.46666666666666673
SB,2011,-0.4216666666666667
SB,2012,-0.43
SB,2013,-0.425
SB,2014,-0.38000000000000006
SB,2015,-0.3133333333333333
SB,2016,-0.26666666666666666
SB,2017,-0.19333333333333336
SB,2018,-0.2066666666666667
SB,2019,-0.14833333333333334
SB,2020,-0.08166666666666664
SB,2021,-0.21
SB,2022,-0.18666666666666665
SB,2023,-0.18499999999999997
SC,2006,0.36000000000000004
SC,2007,0.35333333333333333
SC,2008,0.38833333333333336
SC,2009,0.33166666666666667
SC,2010,0.36999999999999994
SC,2011,0.3566666666666667
SC,2012,0.3283333333333333
SC,2013,0.3433333333333333
SC,2014,0.22999999999999998
SC,2015,0.48500000000000004
SC,2016,0.45
SC,2017,0.4166666666666667
SC,2018,0.44166666666666665
SC,2019,0.5083333333333333
SC,2020,0.5833333333333334
SC,2021,0.6966666666666667
SC,2022,0.7516666666666666
SC,2023,0.7016666666666667
SD,2006,-1.4683333333333335
SD,2007,-1.535
SD,2008,-1.6216666666666668
SD,2009,-1.5516666666666667
SD,2010,-1.61
SD,2011,-1.5883333333333332
SD,2012,-1.6133333333333333
SD,2013,-1.615
SD,2014,-1.6233333333333333
SD,2015,-1.6133333333333333
SD,2016,-1.675
SD,2017,-1.5916666666666668
SD,2018,-1.5899999999999999
SD,2019,-1.5416666666666667
SD,2020,-1.4516666666666669
SD,2021,-1.5133333333333334
SD,2022,-1.585
SD,2023,-1.8033333333333335
SE,2006,1.6766666666666667
SE,2007,1.7483333333333333
SE,2008,1.7283333333333333
SE,2009,1.7533333333333332
SE,2010,1.7333333333333334
SE,2011,1.7916666666666667
SE,2012,1.8133333333333332
SE,2013,1.7783333333333333
SE,2014,1.71
SE,2015,1.6866666666666668
SE,2016,1.6883333333333332
SE,2017,1.655
SE,2018,1.6483333333333334
SE,2019,1.6516666666666666
SE,2020,1.6183333333333332
SE,2021,1.61
SE,2022,1.5733333333333333
SE,2023,1.5466666666666666
SG,2006,1.4333333333333333
SG,2007,1.4766666666666666
SG,2008,1.5283333333333333
SG,2009,1.4683333333333335
SG,2010,1.4683333333333335
SG,2011,1.47
SG,2012,1.57
SG,2013,1.5466666666666666
SG,2014,1.5716666666666665
SG,2015,1.5783333333333334
SG,2016,1.5899999999999999
SG,2017,1.6083333333333334
SG,2018,1.6116666666666666
SG,2019,1.6016666666666666
SG,2020,1.615
SG,2021,1.6233333333333333
SG,2022,1.5999999999999999
SG,2023,1.6283333333333332
SI,2006,0.9716666666666667
SI,2007,0.9683333333333334
SI,2008,1.0133333333333334
SI,2009,1.0283333333333333
SI,2010,0.9349999999999999
SI,2011,0.9483333333333333
SI,2012,0.9049999999999999
SI,2013,0.8683333333333333
SI,2014,0.8849999999999999
SI,2015,0.8633333333333333
SI,2016,0.9233333333333333
SI,2017,0.89
SI,2018,0.9066666666666667
SI,2019,0.9666666666666668
SI,2020,0.9133333333333334
SI,2021,0.8849999999999999
SI,2022,0.8649999999999999
SI,2023,0.915
SK,2006,0.7483333333333334
SK,2007,0.73
SK,2008,0.7983333333333333
SK,2009,0.7516666666666666
SK,2010,0.7583333333333333
SK,2011,0.7583333333333333
SK,2012,0.7400000000000001
SK,2013,0.7083333333333334
SK,2014,0.715
SK,2015,0.6549999999999999
SK,2016,0.6816666666666666
SK,2017,0.65
SK,2018,0.6116666666666667
SK,2019,0.6283333333333333
SK,2020,0.6433333333333334
SK,2021,0.6283333333333333
SK,2022,0.5666666666666667
SK,2023,0.5333333333333333
SL,2006,-0.815
SL,2007,-0.7383333333333333
SL,2008,-0.7383333333333333
SL,2009,-0.73
SL,2010,-0.6833333333333332
SL,2011,-0.6683333333333333
SL,2012,-0.7266666666666667
SL,2013,-0.7050000000000001
SL,2014,-0.725
SL,2015,-0.715
SL,2016,-0.6983333333333333
SL,2017,-0.6333333333333333
SL,2018,-0.615
SL,2019,-0.5916666666666667
SL,2020,-0.59
SL,2021,-0.6
SL,2022,-0.6433333333333333
SL,2023,-0.6933333333333334
SM,2006,1.0599999999999998
SM,2007,1.0433333333333332
SM,2008,1.0333333333333334
SM,2009,1.17
SM,2010,1.1666666666666667
SM,2011,1.0666666666666667
SM,2012,1.0566666666666666
SM,2013,1.06
SM,2014,1.08
SM,2015,1.2033333333333334
SM,2016,1.2116666666666667
SM,2017,1.2249999999999999
SM,2018,1.2116666666666667
SM,2019,1.1849999999999998
SM,2020,1.245
SM,2021,1.2433333333333334
SM,2022,1.2933333333333332
SM,2023,1.215
SN,2006,-0.255
SN,2007,-0.3433333333333333
SN,2008,-0.285
SN,2009,-0.36833333333333335
SN,2010,-0.44
SN,2011,-0.36833333333333335
SN,2012,-0.205
SN,2013,-0.155
SN,2014,-0.09833333333333334
SN,2015,-0.11166666666666665
SN,2016,-0.11833333333333333
SN,2017,-0.09833333333333333
SN,2018,-0.10666666666666667
SN,2019,-0.043333333333333335
SN,2020,-0.09666666666666668
SN,2021,-0.10666666666666667
SN,2022,-0.08666666666666667
SN,2023,-0.08333333333333333
SO,2006,-2.19
SO,2007,-2.311666666666667
SO,2008,-2.4099999999999997
SO,2009,-2.3583333333333334
SO,2010,-2.2916666666666665
SO,2011,-2.2733333333333334
SO,2012,-2.2483333333333335
SO,2013,-2.2216666666666667
SO,2014,-2.1933333333333334
SO,2015,-2.1083333333333334
SO,2016,-2.11
SO,2017,-2.11
SO,2018,-2.0816666666666666
SO,2019,-2.1283333333333334
SO,2020,-2.0833333333333335
SO,2021,-2.08
SO,2022,-2.018333333333333
SO,2023,-1.9733333333333334
SR,2006,-0.115
SR,2007,-0.09833333333333333
SR,2008,-0.03666666666666668
SR,2009,-0.08
SR,2010,-0.11833333333333335
SR,2011,-0.08833333333333333
SR,2012,-0.07833333333333332
SR,2013,-0.05166666666666667
SR,2014,-0.105
SR,2015,-0.14
SR,2016,-0.16000000000000003
SR,2017,-0.17333333333333334
SR,2018,-0.22166666666666668
SR,2019,-0.22999999999999998
SR,2020,-0.19000000000000003
SR,2021,-0.205
SR,2022,-0.24833333333333332
SR,2023,-0.2333333333333333
SS,2006,
SS,2007,
SS,2008,
SS,2009,
SS,2010,-0.82
SS,2011,-1.3683333333333334
SS,2012,-1.3783333333333332
SS,2013,-1.5516666666666667
SS,2014,-1.9100000000000001
SS,2015,-1.9016666666666666
SS,2016,-2.015
SS,2017,-2.058333333333333
SS,2018,-2.085
SS,2019,-2.1133333333333333
SS,2020,-2.04
SS,2021,-2.0533333333333332
SS,2022,-2.0533333333333332
SS,2023,-2.0716666666666668
ST,2006,-0.28
ST,2007,-0.29
ST,2008,-0.3166666666666667
ST,2009,-0.35000000000000003
ST,2010,-0.3983333333333334
ST,2011,-0.34833333333333333
ST,2012,-0.37833333333333335
ST,2013,-0.3766666666666667
ST,2014,-0.33
ST,2015,-0.3516666666666666
ST,2016,-0.30666666666666664
ST,2017,-0.3066666666666667
ST,2018,-0.26499999999999996
ST,2019,-0.235
ST,2020,-0.235
ST,2021,-0.21333333333333335
ST,2022,-0.2183333333333333
ST,2023,-0.24666666666666667
SV,2006,-0.23166666666666666
SV,2007,-0.205
SV,2008,-0.16833333333333333
SV,2009,-0.125
SV,2010,-0.11166666666666665
SV,2011,-0.09333333333333332
SV,2012,-0.14166666666666664
SV,2013,-0.15333333333333335
SV,2014,-0.08833333333333333
SV,2015,-0.19333333333333333
SV,2016,-0.27
SV,2017,-0.34500000000000003
SV,2018,-0.3983333333333334
SV,2019,-0.33
SV,2020,-0.2916666666666667
SV,2021,-0.37833333333333335
SV,2022,-0.48
SV,2023,-0.27666666666666667
SY,2006,-1.0133333333333334
SY,2007,-0.9983333333333334
SY,2008,-0.9183333333333333
SY,2009,-0.8733333333333334
SY,2010,-0.9183333333333333
SY,2011,-1.195
SY,2012,-1.5933333333333335
SY,2013,-1.6933333333333334
SY,2014,-1.7733333333333334
SY,2015,-1.865
SY,2016,-2.0016666666666665
SY,2017,-1.985
SY,2018,-1.9783333333333333
SY,2019,-2.0066666666666664
SY,2020,-2.018333333333333
SY,2021,-1.9783333333333335
SY,2022,-2.0166666666666666
SY,2023,-1.9983333333333333
SZ,2006,-0.5116666666666667
SZ,2007,-0.5299999999999999
SZ,2008,-0.4666666666666666
SZ,2009,-0.4283333333333334
SZ,2010,-0.4366666666666667
SZ,2011,-0.5733333333333334
SZ,2012,-0.5233333333333333
SZ,2013,-0.4883333333333333
SZ,2014,-0.5216666666666666
SZ,2015,-0.535
SZ,2016,-0.555
SZ,2017,-0.4683333333333333
SZ,2018,-0.5733333333333334
SZ,2019,-0.5983333333333334
SZ,2020,-0.5666666666666668
SZ,2021,-0.7116666666666666
SZ,2022,-0.7183333333333334
SZ,2023,-0.7416666666666666
TD,2006,-1.45
TD,2007,-1.4966666666666668
TD,2008,-1.5466666666666666
TD,2009,-1.4266666666666667
TD,2010,-1.3866666666666667
TD,2011,-1.32
TD,2012,-1.2883333333333333
TD,2013,-1.2716666666666667
TD,2014,-1.3416666666666668
TD,2015,-1.2683333333333333
TD,2016,-1.3866666666666667
TD,2017,-1.3633333333333333
TD,2018,-1.3933333333333333
TD,2019,-1.3733333333333333
TD,2020,-1.3433333333333335
TD,2021,-1.3783333333333332
TD,2022,-1.3949999999999998
TD,2023,-1.4100000000000001
TG,2006,-1.0233333333333334
TG,2007,-0.9733333333333333
TG,2008,-0.9033333333333333
TG,2009,-0.8866666666666667
TG,2010,-0.8849999999999999
TG,2011,-0.895
TG,2012,-0.9183333333333333
TG,2013,-0.915
TG,2014,-0.8033333333333333
TG,2015,-0.765
TG,2016,-0.6733333333333333
TG,2017,-0.8283333333333333
TG,2018,-0.8033333333333333
TG,2019,-0.7816666666666666
TG,2020,-0.7383333333333333
TG,2021,-0.6849999999999999
TG,2022,-0.6583333333333333
TG,2023,-0.6583333333333333
TH,2006,-0.28333333333333327
TH,2007,-0.30500000000000005
TH,2008,-0.355
TH,2009,-0.3566666666666667
TH,2010,-0.3983333333333334
TH,2011,-0.32166666666666666
TH,2012,-0.30666666666666664
TH,2013,-0.32666666666666666
TH,2014,-0.3416666666666666
TH,2015,-0.38000000000000006
TH,2016,-0.36833333333333335
TH,2017,-0.3283333333333333
TH,2018,-0.34500000000000003
TH,2019,-0.24666666666666667
TH,2020,-0.25
TH,2021,-0.24166666666666667
TH,2022,-0.18166666666666664
TH,2023,-0.10833333333333334
TJ,2006,-1.1900000000000002
TJ,2007,-1.1066666666666667
TJ,2008,-1.1416666666666668
TJ,2009,-1.1716666666666666
TJ,2010,-1.1516666666666666
TJ,2011,-1.1333333333333333
TJ,2012,-1.1833333333333333
TJ,2013,-1.2283333333333333
TJ,2014,-1.0266666666666666
TJ,2015,-1.1066666666666667
TJ,2016,-1.1683333333333332
TJ,2017,-1.2316666666666667
TJ,2018,-1.24
TJ,2019,-1.1816666666666666
TJ,2020,-1.1183333333333334
TJ,2021,-1.1233333333333333
TJ,2022,-1.1766666666666665
TJ,2023,-1.1183333333333334
TL,2006,-0.93
TL,2007,-0.93
TL,2008,-0.7816666666666667
TL,2009,-0.8033333333333332
TL,2010,-0.785
TL,2011,-0.7633333333333333
TL,2012,-0.7133333333333334
TL,2013,-0.7383333333333333
TL,2014,-0.6316666666666667
TL,2015,-0.6383333333333333
TL,2016,-0.5916666666666667
TL,2017,-0.5116666666666666
TL,2018,-0.4716666666666667
TL,2019,-0.4283333333333333
TL,2020,-0.41500000000000004
TL,2021,-0.3316666666666667
TL,2022,-0.2733333333333334
TL,2023,-0.2833333333333333
TM,2006,-1.4966666666666668
TM,2007,-1.38
TM,2008,-1.2983333333333331
TM,2009,-1.305
TM,2010,-1.3683333333333334
TM,2011,-1.3983333333333334
TM,2012,-1.2916666666666667
TM,2013,-1.3150000000000002
TM,2014,-1.2233333333333334
TM,2015,-1.28
TM,2016,-1.3816666666666666
TM,2017,-1.3583333333333334
TM,2018,-1.3483333333333334
TM,2019,-1.3683333333333332
TM,2020,-1.3549999999999998
TM,2021,-1.3549999999999998
TM,2022,-1.3699999999999999
TM,2023,-1.3633333333333333
TN,2006,-0.020000000000000018
TN,2007,-0.11666666666666664
TN,2008,-0.1566666666666667
TN,2009,-0.15000000000000002
TN,2010,-0.24833333333333332
TN,2011,-0.19999999999999998
TN,2012,-0.2283333333333333
TN,2013,-0.25833333333333336
TN,2014,-0.19333333333333333
TN,2015,-0.2233333333333333
TN,2016,-0.2733333333333334
TN,2017,-0.22333333333333336
TN,2018,-0.20666666666666667
TN,2019,-0.18166666666666667
TN,2020,-0.13
TN,2021,-0.24166666666666667
TN,2022,-0.32
TN,2023,-0.37333333333333335
TO,2006,-0.27499999999999997
TO,2007,-0.26999999999999996
TO,2008,-0.26
TO,2009,-0.24833333333333332
TO,2010,-0.015000000000000005
TO,2011,0.003333333333333327
TO,2012,-0.021666666666666678
TO,2013,0.018333333333333323
TO,2014,0.10833333333333334
TO,2015,0.011666666666666695
TO,2016,0.105
TO,2017,0.13833333333333334
TO,2018,0.2783333333333333
TO,2019,0.28833333333333333
TO,2020,0.305
TO,2021,0.31
TO,2022,0.26666666666666666
TO,2023,0.2816666666666667
TR,2006,-0.03833333333333332
TR,2007,-0.023333333333333317
TR,2008,-0.026666666666666658
TR,2009,-0.061666666666666675
TR,2010,-0.04833333333333333
TR,2011,-0.04666666666666667
TR,2012,-0.07166666666666666
TR,2013,-0.09166666666666667
TR,2014,-0.1366666666666667
TR,2015,-0.29833333333333334
TR,2016,-0.4966666666666666
TR,2017,-0.49666666666666665
TR,2018,-0.49333333333333335
TR,2019,-0.4883333333333333
TR,2020,-0.49333333333333335
TR,2021,-0.51
TR,2022,-0.555
TR,2023,-0.5599999999999999
TT,2006,0.13333333333333333
TT,2007,0.17666666666666667
TT,2008,0.165
TT,2009,0.17833333333333332
TT,2010,0.15666666666666668
TT,2011,0.20833333333333334
TT,2012,0.16333333333333333
TT,2013,0.125
TT,2014,0.10499999999999998
TT,2015,0.09000000000000001
TT,2016,0.09333333333333334
TT,2017,0.09000000000000001
TT,2018,0.05166666666666667
TT,2019,0.024999999999999984
TT,2020,0.06833333333333334
TT,2021,0.08166666666666667
TT,2022,0.05833333333333333
TT,2023,0.03333333333333333
TV,2006,0.3383333333333334
TV,2007,0.26
TV,2008,0.20500000000000004
TV,2009,0.24666666666666667
TV,2010,0.205
TV,2011,0.18000000000000002
TV,2012,0.040000000000000015
TV,2013,0.036666666666666646
TV,2014,0.17333333333333334
TV,2015,0.2116666666666667
TV,2016,0.26499999999999996
TV,2017,0.2516666666666667
TV,2018,0.35833333333333334
TV,2019,0.395
TV,2020,0.46166666666666667
TV,2021,0.525
TV,2022,0.5683333333333334
TV,2023,0.5716666666666667
TW,2006,0.7833333333333333
TW,2007,0.7716666666666666
TW,2008,0.8283333333333333
TW,2009,0.8566666666666666
TW,2010,0.9533333333333333
TW,2011,0.9900000000000001
TW,2012,0.9716666666666667
TW,2013,0.9683333333333333
TW,2014,1.05
TW,2015,1.0616666666666668
TW,2016,1.0783333333333334
TW,2017,1.0816666666666668
TW,2018,1.0933333333333335
TW,2019,1.115
TW,2020,1.185
TW,2021,1.2
TW,2022,1.1783333333333335
TW,2023,1.2083333333333333
TZ,2006,-0.34833333333333333
TZ,2007,-0.355
TZ,2008,-0.375
TZ,2009,-0.35000000000000003
TZ,2010,-0.37166666666666665
TZ,2011,-0.39666666666666667
TZ,2012,-0.42333333333333334
TZ,2013,-0.4466666666666667
TZ,2014,-0.49500000000000005
TZ,2015,-0.4716666666666667
TZ,2016,-0.4483333333333333
TZ,2017,-0.5166666666666667
TZ,2018,-0.5716666666666667
TZ,2019,-0.57
TZ,2020,-0.6133333333333333
TZ,2021,-0.5466666666666667
TZ,2022,-0.4566666666666667
TZ,2023,-0.3866666666666667
UA,2006,-0.43166666666666664
UA,2007,-0.4116666666666666
UA,2008,-0.4566666666666666
UA,2009,-0.5833333333333334
UA,2010,-0.535
UA,2011,-0.5950000000000001
UA,2012,-0.5750000000000001
UA,2013,-0.7283333333333334
UA,2014,-0.8333333333333334
UA,2015,-0.855
UA,2016,-0.7599999999999999
UA,2017,-0.7066666666666667
UA,2018,-0.7166666666666667
UA,2019,-0.5850000000000001
UA,2020,-0.5483333333333333
UA,2021,-0.5433333333333333
UA,2022,-0.7250000000000001
UA,2023,-0.6233333333333334
UG,2006,-0.59
UG,2007,-0.5499999999999999
UG,2008,-0.5750000000000001
UG,2009,-0.6133333333333334
UG,2010,-0.6016666666666667
UG,2011,-0.5916666666666667
UG,2012,-0.5966666666666667
UG,2013,-0.615
UG,2014,-0.6366666666666667
UG,2015,-0.6266666666666666
UG,2016,-0.605
UG,2017,-0.5733333333333334
UG,2018,-0.6216666666666667
UG,2019,-0.6533333333333333
UG,2020,-0.6733333333333333
UG,2021,-0.7083333333333334
UG,2022,-0.6733333333333333
UG,2023,-0.6633333333333333
US,2006,1.29
US,2007,1.2666666666666666
US,2008,1.3216666666666665
US,2009,1.2216666666666667
US,2010,1.2433333333333334
US,2011,1.2566666666666666
US,2012,1.27
US,2013,1.23
US,2014,1.2283333333333333
US,2015,1.2266666666666668
US,2016,1.2233333333333334
US,2017,1.2266666666666668
US,2018,1.2183333333333335
US,2019,1.0683333333333334
US,2020,0.9533333333333333
US,2021,1.0033333333333332
US,2022,1.0033333333333334
US,2023,0.995
UY,2006,0.7316666666666668
UY,2007,0.785
UY,2008,0.8016666666666667
UY,2009,0.84
UY,2010,0.8816666666666667
UY,2011,0.875
UY,2012,0.7966666666666665
UY,2013,0.8316666666666667
UY,2014,0.9016666666666667
UY,2015,0.8683333333333333
UY,2016,0.8766666666666666
UY,2017,0.8433333333333334
UY,2018,0.8516666666666666
UY,2019,0.8850000000000001
UY,2020,0.965
UY,2021,1.0250000000000001
UY,2022,1.0516666666666667
UY,2023,1.01
UZ,2006,-1.5233333333333334
UZ,2007,-1.3966666666666665
UZ,2008,-1.3
UZ,2009,-1.2966666666666666
UZ,2010,-1.3016666666666665
UZ,2011,-1.3033333333333335
UZ,2012,-1.2783333333333333
UZ,2013,-1.2583333333333333
UZ,2014,-1.145
UZ,2015,-1.2
UZ,2016,-1.1333333333333333
UZ,2017,-1.0466666666666666
UZ,2018,-0.9783333333333334
UZ,2019,-0.9566666666666667
UZ,2020,-0.9633333333333334
UZ,2021,-0.71
UZ,2022,-0.6699999999999999
UZ,2023,-0.66
VC,2006,0.945
VC,2007,0.8316666666666667
VC,2008,0.8649999999999999
VC,2009,0.86
VC,2010,0.8183333333333334
VC,2011,0.8533333333333334
VC,2012,0.8649999999999999
VC,2013,0.8516666666666666
VC,2014,0.6416666666666666
VC,2015,0.6083333333333333
VC,2016,0.615
VC,2017,0.595
VC,2018,0.58
VC,2019,0.6116666666666667
VC,2020,0.6666666666666666
VC,2021,0.6516666666666667
VC,2022,0.6583333333333333
VC,2023,0.5916666666666667
VE,2006,-1.1016666666666668
VE,2007,-1.195
VE,2008,-1.2266666666666666
VE,2009,-1.2433333333333334
VE,2010,-1.2783333333333333
VE,2011,-1.2333333333333332
VE,2012,-1.2383333333333333
VE,2013,-1.2950000000000002
VE,2014,-1.3583333333333334
VE,2015,-1.4316666666666666
VE,2016,-1.5116666666666667
VE,2017,-1.5883333333333332
VE,2018,-1.7716666666666665
VE,2019,-1.8099999999999998
VE,2020,-1.8566666666666667
VE,2021,-1.8466666666666667
VE,2022,-1.7299999999999998
VE,2023,-1.6983333333333333
VI,2006,0.8383333333333334
VI,2007,0.785
VI,2008,0.8016666666666667
VI,2009,0.7033333333333333
VI,2010,0.7799999999999999
VI,2011,0.855
VI,2012,0.8250000000000001
VI,2013,0.8533333333333334
VI,2014,0.708
VI,2015,0.8719999999999999
VI,2016,0.8560000000000001
VI,2017,0.748
VI,2018,0.836
VI,2019,0.9259999999999999
VI,2020,0.768
VI,2021,0.674
VI,2022,0.71
VI,2023,0.692
VN,2006,-0.5466666666666667
VN,2007,-0.5333333333333333
VN,2008,-0.555
VN,2009,-0.5283333333333333
VN,2010,-0.57
VN,2011,-0.54
VN,2012,-0.5266666666666667
VN,2013,-0.5033333333333333
VN,2014,-0.47333333333333333
VN,2015,-0.4283333333333334
VN,2016,-0.3466666666666667
VN,2017,-0.375
VN,2018,-0.395
VN,2019,-0.385
VN,2020,-0.3383333333333333
VN,2021,-0.34500000000000003
VN,2022,-0.3416666666666666
VN,2023,-0.34
VU,2006,0.35833333333333334
VU,2007,0.27
VU,2008,0.26
VU,2009,0.24833333333333332
VU,2010,0.215
VU,2011,0.21
VU,2012,0.225
VU,2013,0.25666666666666665
VU,2014,0.18166666666666664
VU,2015,-0.016666666666666663
VU,2016,0.033333333333333354
VU,2017,0.10333333333333335
VU,2018,0.10666666666666669
VU,2019,0.105
VU,2020,0.15
VU,2021,0.2283333333333333
VU,2022,0.20166666666666666
VU,2023,0.16666666666666666
WS,2006,0.5616666666666666
WS,2007,0.5066666666666667
WS,2008,0.45
WS,2009,0.3566666666666667
WS,2010,0.2966666666666667
WS,2011,0.33166666666666667
WS,2012,0.315
WS,2013,0.35333333333333333
WS,2014,0.555
WS,2015,0.59
WS,2016,0.6116666666666667
WS,2017,0.6900000000000001
WS,2018,0.6583333333333333
WS,2019,0.6566666666666666
WS,2020,0.665
WS,2021,0.5833333333333334
WS,2022,0.6066666666666667
WS,2023,0.6616666666666667
XK,2006,-0.5549999999999999
XK,2007,-0.398
XK,2008,-0.13166666666666668
XK,2009,-0.20333333333333334
XK,2010,-0.5216666666666666
XK,2011,-0.5016666666666667
XK,2012,-0.4666666666666666
XK,2013,-0.4683333333333333
XK,2014,-0.3233333333333333
XK,2015,-0.355
XK,2016,-0.31666666666666665
XK,2017,-0.3183333333333333
XK,2018,-0.4183333333333334
XK,2019,-0.36333333333333334
XK,2020,-0.32666666666666666
XK,2021,-0.22999999999999998
XK,2022,-0.245
XK,2023,-0.215
YE,2006,-1.01
YE,2007,-1.0050000000000001
YE,2008,-1.105
YE,2009,-1.2483333333333333
YE,2010,-1.28
YE,2011,-1.3916666666666666
YE,2012,-1.3833333333333335
YE,2013,-1.3533333333333335
YE,2014,-1.515
YE,2015,-1.6433333333333333
YE,2016,-1.875
YE,2017,-1.905
YE,2018,-2.0233333333333334
YE,2019,-2.013333333333333
YE,2020,-2.018333333333333
YE,2021,-2.0166666666666666
YE,2022,-1.96
YE,2023,-1.9533333333333334
ZA,2006,0.38999999999999996
ZA,2007,0.3133333333333333
ZA,2008,0.2966666666666667
ZA,2009,0.23666666666666666
ZA,2010,0.22999999999999998
ZA,2011,0.235
ZA,2012,0.17
ZA,2013,0.20666666666666667
ZA,2014,0.15333333333333335
ZA,2015,0.11333333333333333
ZA,2016,0.13
ZA,2017,0.045000000000000005
ZA,2018,0.016666666666666663
ZA,2019,0.04666666666666666
ZA,2020,0.034999999999999996
ZA,2021,-0.016666666666666663
ZA,2022,-0.09166666666666667
ZA,2023,-0.10000000000000002
ZM,2006,-0.41500000000000004
ZM,2007,-0.35000000000000003
ZM,2008,-0.2916666666666667
ZM,2009,-0.34
ZM,2010,-0.35333333333333333
ZM,2011,-0.27999999999999997
ZM,2012,-0.17833333333333334
ZM,2013,-0.21
ZM,2014,-0.26333333333333336
ZM,2015,-0.27999999999999997
ZM,2016,-0.365
ZM,2017,-0.38833333333333336
ZM,2018,-0.41333333333333333
ZM,2019,-0.48666666666666664
ZM,2020,-0.575
ZM,2021,-0.5166666666666666
ZM,2022,-0.3516666666666666
ZM,2023,-0.33666666666666667
ZW,2006,-1.4633333333333332
ZW,2007,-1.545
ZW,2008,-1.585
ZW,2009,-1.595
ZW,2010,-1.555
ZW,2011,-1.49
ZW,2012,-1.4166666666666667
ZW,2013,-1.3716666666666668
ZW,2014,-1.3299999999999998
ZW,2015,-1.23
ZW,2016,-1.2383333333333333
ZW,2017,-1.2449999999999999
ZW,2018,-1.205
ZW,2019,-1.25
ZW,2020,-1.2633333333333334
ZW,2021,-1.2216666666666667
ZW,2022,-1.1966666666666665
ZW,2023,-1.1783333333333335
