code,rank,visa_free_count,year
AF,116,26,2021
AF,106,26,2020
AF,106,30,2018
AF,104,24,2017
AF,104,25,2016
AF,110,25,2015
AF,94,28,2014
AF,93,28,2013
AF,103,26,2012
AF,101,24,2011
AF,98,26,2010
AF,89,0,2009
AF,89,22,2008
AF,86,0,2007
AF,83,12,2006
AF,107,25,2019
AF,111,26,2022
AF,109,27,2023
AF,104,28,2024
AF,98,25,2025
AL,56,113,2021
AL,49,114,2018
AL,50,114,2020
AL,55,98,2017
AL,53,98,2016
AL,54,94,2015
AL,45,91,2014
AL,45,88,2013
AL,55,84,2012
AL,52,84,2011
AL,78,49,2010
AL,76,0,2009
AL,76,36,2008
AL,51,113,2019
AL,77,0,2007
AL,79,17,2006
AL,49,114,2022
AL,51,115,2023
AL,48,123,2024
AL,40,123,2025
DZ,96,52,2021
DZ,89,51,2020
DZ,91,50,2018
DZ,88,48,2017
DZ,89,48,2016
DZ,94,45,2015
DZ,82,46,2014
DZ,79,47,2013
DZ,88,45,2012
DZ,84,46,2011
DZ,79,48,2010
DZ,76,0,2009
DZ,76,36,2008
DZ,74,0,2007
DZ,73,23,2006
DZ,91,50,2019
DZ,91,52,2022
DZ,90,53,2023
DZ,86,56,2024
DZ,79,55,2025
AO,98,50,2021
AO,90,50,2020
AO,92,49,2018
AO,90,45,2017
AO,92,45,2016
AO,99,40,2015
AO,86,42,2014
AO,86,40,2013
AO,96,37,2012
AO,96,34,2011
AO,92,34,2010
AO,81,0,2009
AO,81,31,2008
AO,79,0,2007
AO,77,19,2006
AO,92,49,2019
AO,93,50,2022
AO,92,51,2023
AO,88,53,2024
AO,85,48,2025
AG,31,150,2021
AG,27,150,2018
AG,29,151,2020
AG,30,136,2017
AG,30,134,2016
AG,28,133,2015
AG,24,132,2014
AG,25,130,2013
AG,31,126,2012
AG,30,128,2011
AG,33,119,2010
AG,40,0,2009
AG,40,82,2008
AG,28,149,2019
AG,39,0,2007
AG,39,63,2006
AG,30,150,2022
AG,31,151,2023
AG,27,153,2024
AG,25,152,2025
AR,20,170,2021
AR,17,170,2018
AR,18,170,2020
AR,20,154,2017
AR,22,152,2016
AR,20,150,2015
AR,17,150,2014
AR,18,147,2013
AR,23,140,2012
AR,24,141,2011
AR,26,132,2010
AR,20,0,2009
AR,20,127,2008
AR,17,170,2019
AR,19,0,2007
AR,19,101,2006
AR,19,170,2022
AR,20,170,2023
AR,16,174,2024
AR,16,170,2025
AM,84,64,2021
AM,77,63,2020
AM,80,61,2018
AM,78,58,2017
AM,80,57,2016
AM,87,52,2015
AM,73,55,2014
AM,72,55,2013
AM,81,52,2012
AM,80,51,2011
AM,76,51,2010
AM,66,0,2009
AM,66,46,2008
AM,67,0,2007
AM,69,23,2006
AM,81,60,2019
AM,78,65,2022
AM,79,66,2023
AM,74,68,2024
AM,69,67,2025
AU,8,184,2021
AU,7,183,2018
AU,8,184,2020
AU,7,170,2017
AU,8,169,2016
AU,6,168,2015
AU,7,168,2014
AU,6,167,2013
AU,6,163,2012
AU,8,166,2011
AU,9,157,2010
AU,7,0,2009
AU,7,151,2008
AU,9,181,2019
AU,8,0,2007
AU,9,120,2006
AU,7,185,2022
AU,8,185,2023
AU,6,189,2024
AU,7,185,2025
AT,4,188,2021
AT,5,186,2018
AT,5,187,2020
AT,4,173,2017
AT,5,173,2016
AT,5,169,2015
AT,4,171,2014
AT,5,168,2013
AT,6,163,2012
AT,6,168,2011
AT,8,158,2010
AT,5,0,2009
AT,5,153,2008
AT,5,185,2019
AT,5,0,2007
AT,6,125,2006
AT,4,188,2022
AT,5,188,2023
AT,3,192,2024
AT,4,188,2025
AZ,80,68,2021
AZ,73,67,2020
AZ,75,66,2018
AZ,74,64,2017
AZ,75,62,2016
AZ,82,58,2015
AZ,70,58,2014
AZ,71,56,2013
AZ,76,57,2012
AZ,75,56,2011
AZ,76,51,2010
AZ,68,0,2009
AZ,68,44,2008
AZ,68,0,2007
AZ,68,28,2006
AZ,76,66,2019
AZ,74,69,2022
AZ,76,70,2023
AZ,70,72,2024
AZ,66,71,2025
BS,27,155,2021
BS,23,155,2018
BS,26,155,2020
BS,26,141,2017
BS,27,140,2016
BS,25,139,2015
BS,22,138,2014
BS,22,137,2013
BS,28,133,2012
BS,27,136,2011
BS,30,124,2010
BS,37,0,2009
BS,37,96,2008
BS,24,154,2019
BS,36,0,2007
BS,35,71,2006
BS,26,155,2022
BS,27,155,2023
BS,24,158,2024
BS,20,159,2025
BH,69,84,2021
BH,61,83,2020
BH,64,81,2018
BH,66,73,2017
BH,65,73,2016
BH,71,70,2015
BH,62,69,2014
BH,59,69,2013
BH,68,66,2012
BH,67,65,2011
BH,62,67,2010
BH,60,0,2009
BH,60,53,2008
BH,59,0,2007
BH,59,38,2006
BH,63,81,2019
BH,62,84,2022
BH,63,87,2023
BH,59,91,2024
BH,52,90,2025
BD,108,40,2021
BD,98,41,2020
BD,100,41,2018
BD,95,38,2017
BD,96,39,2016
BD,99,40,2015
BD,86,42,2014
BD,85,41,2013
BD,93,40,2012
BD,91,39,2011
BD,85,42,2010
BD,73,0,2009
BD,73,39,2008
BD,70,0,2007
BD,68,28,2006
BD,99,40,2019
BD,103,40,2022
BD,101,41,2023
BD,97,42,2024
BD,93,39,2025
BB,24,161,2021
BB,21,161,2018
BB,22,161,2020
BB,25,143,2017
BB,26,141,2016
BB,26,138,2015
BB,22,138,2014
BB,22,137,2013
BB,27,135,2012
BB,26,137,2011
BB,29,127,2010
BB,34,0,2009
BB,34,89,2008
BB,22,159,2019
BB,34,0,2007
BB,35,71,2006
BB,23,161,2022
BB,24,163,2023
BB,22,165,2024
BB,19,163,2025
BY,73,78,2021
BY,67,75,2020
BY,68,77,2018
BY,70,67,2017
BY,71,67,2016
BY,78,62,2015
BY,67,63,2014
BY,66,61,2013
BY,74,59,2012
BY,74,57,2011
BY,72,56,2010
BY,63,0,2009
BY,63,49,2008
BY,63,0,2007
BY,64,32,2006
BY,68,75,2019
BY,65,79,2022
BY,68,78,2023
BY,64,81,2024
BY,60,81,2025
BE,6,186,2021
BE,6,185,2018
BE,7,185,2020
BE,4,173,2017
BE,4,174,2016
BE,4,170,2015
BE,3,172,2014
BE,3,171,2013
BE,3,167,2012
BE,3,171,2011
BE,6,160,2010
BE,3,0,2009
BE,3,155,2008
BE,6,184,2019
BE,3,0,2007
BE,4,127,2006
BE,6,186,2022
BE,7,186,2023
BE,4,191,2024
BE,4,188,2025
BZ,59,101,2021
BZ,53,101,2018
BZ,52,101,2020
BZ,56,95,2017
BZ,55,94,2016
BZ,56,91,2015
BZ,44,93,2014
BZ,46,87,2013
BZ,53,86,2012
BZ,53,83,2011
BZ,50,82,2010
BZ,42,0,2009
BZ,42,75,2008
BZ,54,99,2019
BZ,42,0,2007
BZ,42,58,2006
BZ,52,101,2022
BZ,54,103,2023
BZ,54,104,2024
BZ,46,102,2025
BJ,87,61,2021
BJ,78,62,2020
BJ,80,61,2018
BJ,78,58,2017
BJ,78,59,2016
BJ,83,56,2015
BJ,70,58,2014
BJ,72,55,2013
BJ,78,55,2012
BJ,78,53,2011
BJ,73,54,2010
BJ,65,0,2009
BJ,65,47,2008
BJ,63,0,2007
BJ,61,36,2006
BJ,80,62,2019
BJ,82,61,2022
BJ,83,61,2023
BJ,79,63,2024
BJ,69,67,2025
BT,96,52,2021
BT,87,53,2020
BT,86,55,2018
BT,85,51,2017
BT,86,51,2016
BT,91,48,2015
BT,77,51,2014
BT,77,49,2013
BT,87,46,2012
BT,86,44,2011
BT,83,44,2010
BT,76,0,2009
BT,76,36,2008
BT,76,0,2007
BT,77,19,2006
BT,89,52,2019
BT,90,53,2022
BT,90,53,2023
BT,87,55,2024
BT,82,51,2025
BO,72,79,2021
BO,64,78,2020
BO,66,79,2018
BO,64,75,2017
BO,66,72,2016
BO,70,71,2015
BO,57,74,2014
BO,55,73,2013
BO,65,69,2012
BO,65,67,2011
BO,67,62,2010
BO,50,0,2009
BO,50,65,2008
BO,39,0,2007
BO,29,83,2006
BO,65,78,2019
BO,65,79,2022
BO,66,80,2023
BO,63,82,2024
BO,62,78,2025
BA,54,116,2021
BA,48,118,2018
BA,48,117,2020
BA,53,103,2017
BA,52,101,2016
BA,52,98,2015
BA,42,95,2014
BA,44,91,2013
BA,52,87,2012
BA,50,87,2011
BA,74,53,2010
BA,72,0,2009
BA,72,40,2008
BA,49,116,2019
BA,71,0,2007
BA,71,25,2006
BA,47,117,2022
BA,49,118,2023
BA,50,121,2024
BA,40,123,2025
BW,67,86,2021
BW,59,85,2020
BW,63,82,2018
BW,65,74,2017
BW,66,72,2016
BW,69,72,2015
BW,58,73,2014
BW,58,70,2013
BW,64,70,2012
BW,64,68,2011
BW,60,69,2010
BW,54,0,2009
BW,54,59,2008
BW,52,0,2007
BW,50,48,2006
BW,62,83,2019
BW,60,86,2022
BW,63,87,2023
BW,59,91,2024
BW,57,85,2025
BR,20,170,2021
BR,16,171,2018
BR,18,170,2020
BR,18,156,2017
BR,21,153,2016
BR,22,148,2015
BR,21,146,2014
BR,19,146,2013
BR,22,141,2012
BR,25,140,2011
BR,28,130,2010
BR,23,0,2009
BR,23,122,2008
BR,17,170,2019
BR,21,0,2007
BR,20,99,2006
BR,20,169,2022
BR,20,170,2023
BR,17,173,2024
BR,16,170,2025
BN,23,166,2021
BN,20,165,2018
BN,21,166,2020
BN,22,152,2017
BN,23,151,2016
BN,20,150,2015
BN,17,150,2014
BN,19,146,2013
BN,24,139,2012
BN,21,144,2011
BN,24,134,2010
BN,19,0,2009
BN,19,129,2008
BN,21,165,2019
BN,19,0,2007
BN,19,101,2006
BN,22,166,2022
BN,23,166,2023
BN,20,168,2024
BN,18,164,2025
BG,17,173,2021
BG,18,169,2018
BG,17,171,2020
BG,20,154,2017
BG,21,153,2016
BG,21,149,2015
BG,18,149,2014
BG,21,141,2013
BG,26,137,2012
BG,22,143,2011
BG,25,133,2010
BG,25,0,2009
BG,25,116,2008
BG,17,170,2019
BG,27,0,2007
BG,29,83,2006
BG,17,173,2022
BG,18,174,2023
BG,13,179,2024
BG,13,177,2025
BF,90,58,2021
BF,81,59,2020
BF,84,57,2018
BF,80,56,2017
BF,81,56,2016
BF,87,52,2015
BF,73,55,2014
BF,73,53,2013
BF,79,54,2012
BF,80,51,2011
BF,76,51,2010
BF,68,0,2009
BF,68,44,2008
BF,65,0,2007
BF,62,35,2006
BF,83,58,2019
BF,85,58,2022
BF,86,58,2023
BF,82,60,2024
BF,75,59,2025
BI,97,51,2021
BI,90,50,2020
BI,95,46,2018
BI,91,44,2017
BI,95,42,2016
BI,98,41,2015
BI,86,42,2014
BI,85,41,2013
BI,93,40,2012
BI,95,35,2011
BI,89,37,2010
BI,82,0,2009
BI,82,30,2008
BI,80,0,2007
BI,78,18,2006
BI,93,48,2019
BI,92,51,2022
BI,93,50,2023
BI,90,51,2024
BI,85,48,2025
KH,95,53,2021
KH,86,54,2020
KH,87,54,2018
KH,88,48,2017
KH,87,50,2016
KH,92,47,2015
KH,78,50,2014
KH,79,47,2013
KH,91,42,2012
KH,90,40,2011
KH,87,39,2010
KH,83,0,2009
KH,83,29,2008
KH,81,0,2007
KH,79,17,2006
KH,88,53,2019
KH,90,53,2022
KH,89,54,2023
KH,86,56,2024
KH,82,51,2025
CM,98,50,2021
CM,91,49,2020
CM,93,48,2018
CM,90,45,2017
CM,92,45,2016
CM,95,44,2015
CM,82,46,2014
CM,82,44,2013
CM,94,39,2012
CM,92,38,2011
CM,85,42,2010
CM,75,0,2009
CM,75,37,2008
CM,72,0,2007
CM,70,26,2006
CM,92,49,2019
CM,93,50,2022
CM,92,51,2023
CM,88,53,2024
CM,84,49,2025
CA,8,184,2021
CA,6,185,2018
CA,9,183,2020
CA,6,171,2017
CA,6,172,2016
CA,4,170,2015
CA,2,173,2014
CA,4,170,2013
CA,6,163,2012
CA,9,164,2011
CA,9,157,2010
CA,4,0,2009
CA,4,154,2008
CA,6,184,2019
CA,5,0,2007
CA,6,125,2006
CA,7,185,2022
CA,8,185,2023
CA,7,188,2024
CA,8,184,2025
CV,82,66,2021
CV,74,66,2020
CV,76,65,2018
CV,73,0,2017
CV,76,0,2016
CV,82,0,2015
CV,71,0,2014
CV,70,0,2013
CV,76,0,2012
CV,76,0,2011
CV,73,0,2010
CV,65,0,2009
CV,65,0,2008
CV,76,66,2019
CV,77,66,2022
CV,79,66,2023
CV,73,69,2024
CV,69,67,2025
CF,96,52,2021
CF,88,52,2020
CF,92,49,2018
CF,89,46,2017
CF,89,48,2016
CF,95,44,2015
CF,80,48,2014
CF,77,49,2013
CF,86,47,2012
CF,86,44,2011
CF,81,46,2010
CF,75,0,2009
CF,75,37,2008
CF,71,0,2007
CF,68,28,2006
CF,90,51,2019
CF,91,52,2022
CF,91,52,2023
CF,87,55,2024
CF,82,51,2025
TD,95,53,2021
TD,87,53,2020
TD,88,53,2018
TD,85,51,2017
TD,88,49,2016
TD,92,47,2015
TD,81,47,2014
TD,80,46,2013
TD,90,43,2012
TD,89,41,2011
TD,82,0,2010
TD,75,0,2009
TD,75,0,2008
TD,88,53,2019
TD,90,53,2022
TD,90,53,2023
TD,87,55,2024
TD,81,52,2025
CL,16,174,2021
CL,14,174,2018
CL,15,174,2020
CL,17,157,2017
CL,19,155,2016
CL,20,150,2015
CL,18,149,2014
CL,21,141,2013
CL,26,137,2012
CL,24,141,2011
CL,27,131,2010
CL,20,0,2009
CL,20,127,2008
CL,13,174,2019
CL,17,0,2007
CL,14,109,2006
CL,16,174,2022
CL,18,174,2023
CL,15,177,2024
CL,14,176,2025
CN,72,79,2021
CN,67,75,2020
CN,71,74,2018
CN,85,51,2017
CN,87,50,2016
CN,94,45,2015
CN,83,45,2014
CN,82,44,2013
CN,92,41,2012
CN,90,40,2011
CN,88,38,2010
CN,79,0,2009
CN,79,33,2008
CN,78,0,2007
CN,78,18,2006
CN,72,71,2019
CN,64,80,2022
CN,66,80,2023
CN,62,85,2024
CN,58,83,2025
CO,44,129,2021
CO,42,127,2018
CO,42,127,2020
CO,50,107,2017
CO,50,103,2016
CO,75,66,2015
CO,64,66,2014
CO,65,63,2013
CO,74,59,2012
CO,77,54,2011
CO,73,54,2010
CO,64,0,2009
CO,64,48,2008
CO,43,126,2019
CO,64,0,2007
CO,64,32,2006
CO,39,131,2022
CO,39,133,2023
CO,40,135,2024
CO,35,132,2025
KM,95,53,2021
KM,87,53,2020
KM,89,52,2018
KM,88,0,2017
KM,90,0,2016
KM,94,0,2015
KM,83,0,2014
KM,83,0,2013
KM,92,0,2012
KM,92,0,2011
KM,89,0,2010
KM,85,0,2009
KM,81,0,2008
KM,88,53,2019
KM,90,53,2022
KM,90,53,2023
KM,87,55,2024
KM,81,52,2025
CG,100,48,2021
CG,92,48,2020
CG,94,47,2018
CG,92,43,2017
CG,93,44,2016
CG,98,41,2015
CG,84,44,2014
CG,82,44,2013
CG,91,42,2012
CG,91,39,2011
CG,85,42,2010
CG,76,0,2009
CG,76,36,2008
CG,72,0,2007
CG,69,27,2006
CG,94,47,2019
CG,95,48,2022
CG,94,49,2023
CG,89,52,2024
CG,85,48,2025
CD,106,42,2021
CD,97,42,2020
CD,98,43,2018
CD,94,40,2017
CD,96,39,2016
CD,102,37,2015
CD,87,40,2014
CD,87,39,2013
CD,95,38,2012
CD,96,34,2011
CD,90,36,2010
CD,89,0,2009
CD,90,0,2008
CD,97,42,2019
CD,101,42,2022
CD,100,42,2023
CD,94,46,2024
CD,89,43,2025
CR,32,149,2021
CR,28,149,2018
CR,30,150,2020
CR,31,134,2017
CR,33,131,2016
CR,32,127,2015
CR,27,125,2014
CR,31,122,2013
CR,38,117,2012
CR,36,120,2011
CR,37,114,2010
CR,29,0,2009
CR,29,108,2008
CR,27,150,2019
CR,26,0,2007
CR,23,95,2006
CR,30,150,2022
CR,32,150,2023
CR,28,152,2024
CR,26,149,2025
CI,92,56,2021
CI,83,57,2020
CI,85,56,2018
CI,83,53,2017
CI,81,56,2016
CI,85,54,2015
CI,72,56,2014
CI,72,55,2013
CI,79,54,2012
CI,79,52,2011
CI,72,0,2010
CI,65,0,2009
CI,65,0,2008
CI,84,57,2019
CI,87,56,2022
CI,65,0,2007
CI,65,0,2006
CI,87,57,2023
CI,83,59,2024
CI,75,59,2025
HR,18,172,2021
HR,18,169,2018
HR,17,171,2020
HR,21,153,2017
HR,24,149,2016
HR,24,141,2015
HR,22,138,2014
HR,26,129,2013
HR,37,119,2012
HR,34,122,2011
HR,35,116,2010
HR,29,0,2009
HR,29,108,2008
HR,18,168,2019
HR,28,0,2007
HR,28,84,2006
HR,17,173,2022
HR,18,174,2023
HR,13,179,2024
HR,9,183,2025
CU,85,63,2021
CU,76,64,2020
CU,76,65,2018
CU,76,60,2017
CU,78,59,2016
CU,81,59,2015
CU,69,61,2014
CU,66,61,2013
CU,77,56,2012
CU,79,52,2011
CU,78,49,2010
CU,70,0,2009
CU,70,42,2008
CU,69,0,2007
CU,69,27,2006
CU,77,65,2019
CU,79,64,2022
CU,80,65,2023
CU,78,64,2024
CU,74,60,2025
CY,15,176,2021
CY,15,173,2018
CY,15,174,2020
CY,16,158,2017
CY,17,159,2016
CY,16,157,2015
CY,14,157,2014
CY,15,151,2013
CY,20,146,2012
CY,18,150,2011
CY,18,142,2010
CY,14,0,2009
CY,14,139,2008
CY,14,173,2019
CY,13,0,2007
CY,12,113,2006
CY,14,176,2022
CY,16,177,2023
CY,12,182,2024
CY,12,178,2025
CZ,7,185,2021
CZ,8,182,2018
CZ,8,184,2020
CZ,9,168,2017
CZ,10,167,2016
CZ,10,163,2015
CZ,10,162,2014
CZ,12,155,2013
CZ,15,152,2012
CZ,15,155,2011
CZ,18,142,2010
CZ,17,0,2009
CZ,17,131,2008
CZ,7,183,2019
CZ,19,0,2007
CZ,21,98,2006
CZ,7,185,2022
CZ,7,186,2023
CZ,6,189,2024
CZ,7,185,2025
DK,4,188,2021
DK,4,187,2018
DK,3,187,2019
DK,5,187,2020
DK,3,174,2017
DK,4,174,2016
DK,3,171,2015
DK,2,173,2014
DK,2,172,2013
DK,1,169,2012
DK,1,173,2011
DK,2,164,2010
DK,1,0,2009
DK,1,157,2008
DK,1,0,2007
DK,1,130,2006
DK,4,188,2022
DK,5,188,2023
DK,3,192,2024
DK,3,189,2025
DJ,101,47,2021
DJ,93,47,2020
DJ,96,45,2018
DJ,94,40,2017
DJ,93,44,2016
DJ,98,41,2015
DJ,86,42,2014
DJ,86,40,2013
DJ,96,37,2012
DJ,95,35,2011
DJ,91,35,2010
DJ,84,0,2009
DJ,84,28,2008
DJ,80,0,2007
DJ,77,19,2006
DJ,95,46,2019
DJ,96,47,2022
DJ,95,48,2023
DJ,91,50,2024
DJ,86,47,2025
DM,36,143,2021
DM,37,137,2018
DM,35,141,2020
DM,40,119,2017
DM,41,119,2016
DM,42,113,2015
DM,45,91,2014
DM,46,87,2013
DM,54,85,2012
DM,54,82,2011
DM,51,80,2010
DM,44,0,2009
DM,44,71,2008
DM,35,137,2019
DM,45,0,2007
DM,46,52,2006
DM,33,144,2022
DM,35,145,2023
DM,34,144,2024
DM,30,144,2025
DO,79,69,2021
DO,74,66,2020
DO,75,66,2018
DO,80,56,2017
DO,83,54,2016
DO,88,51,2015
DO,75,53,2014
DO,74,53,2013
DO,83,50,2012
DO,83,48,2011
DO,77,50,2010
DO,69,0,2009
DO,69,43,2008
DO,70,0,2007
DO,71,25,2006
DO,78,64,2019
DO,73,70,2022
DO,76,70,2023
DO,68,74,2024
DO,65,73,2025
EC,63,91,2021
EC,55,93,2018
EC,55,91,2020
EC,57,83,2017
EC,58,81,2016
EC,64,78,2015
EC,54,78,2014
EC,54,74,2013
EC,64,70,2012
EC,63,69,2011
EC,64,65,2010
EC,55,0,2009
EC,55,58,2008
EC,58,91,2019
EC,55,0,2007
EC,56,41,2006
EC,56,91,2022
EC,59,92,2023
EC,57,95,2024
EC,49,94,2025
EG,97,51,2021
EG,90,50,2020
EG,92,49,2018
EG,88,48,2017
EG,88,49,2016
EG,92,47,2015
EG,80,48,2014
EG,79,47,2013
EG,89,44,2012
EG,89,41,2011
EG,84,0,2010
EG,78,0,2009
EG,78,0,2008
EG,92,49,2019
EG,91,52,2022
EG,90,53,2023
EG,87,55,2024
EG,84,49,2025
SV,41,133,2021
SV,37,137,2018
SV,37,134,2020
SV,39,120,2017
SV,43,115,2016
SV,43,112,2015
SV,33,112,2014
SV,35,113,2013
SV,40,111,2012
SV,38,113,2011
SV,42,105,2010
SV,32,0,2009
SV,32,98,2008
SV,37,134,2019
SV,31,0,2007
SV,31,81,2006
SV,37,134,2022
SV,40,132,2023
SV,39,136,2024
SV,33,135,2025
GQ,93,55,2021
GQ,85,55,2020
GQ,89,52,2018
GQ,89,46,2017
GQ,92,45,2016
GQ,97,42,2015
GQ,85,43,2014
GQ,84,42,2013
GQ,93,40,2012
GQ,93,37,2011
GQ,89,37,2010
GQ,82,0,2009
GQ,82,30,2008
GQ,79,0,2007
GQ,76,20,2006
GQ,89,52,2019
GQ,88,55,2022
GQ,88,55,2023
GQ,84,58,2024
GQ,78,56,2025
ER,105,43,2021
ER,97,42,2020
ER,102,39,2018
ER,98,35,2017
ER,98,37,2016
ER,105,34,2015
ER,89,38,2014
ER,90,36,2013
ER,99,34,2012
ER,98,32,2011
ER,93,33,2010
ER,83,0,2009
ER,83,29,2008
ER,79,0,2007
ER,76,20,2006
ER,99,40,2019
ER,100,43,2022
ER,98,44,2023
ER,96,43,2024
ER,93,39,2025
EE,11,181,2021
EE,12,178,2018
EE,13,179,2020
EE,13,164,2017
EE,14,162,2016
EE,15,158,2015
EE,14,157,2014
EE,14,152,2013
EE,18,149,2012
EE,17,153,2011
EE,19,140,2010
EE,20,0,2009
EE,20,127,2008
EE,11,179,2019
EE,23,0,2007
EE,26,91,2006
EE,10,181,2022
EE,12,181,2023
EE,8,187,2024
EE,8,184,2025
ET,103,45,2021
ET,95,44,2020
ET,99,42,2018
ET,96,37,2017
ET,98,37,2016
ET,104,35,2015
ET,88,39,2014
ET,85,41,2013
ET,96,37,2012
ET,96,34,2011
ET,92,34,2010
ET,83,0,2009
ET,83,29,2008
ET,80,0,2007
ET,78,18,2006
ET,97,42,2019
ET,98,45,2022
ET,97,46,2023
ET,93,47,2024
ET,87,45,2025
FJ,65,88,2021
FJ,57,88,2020
FJ,56,90,2018
FJ,61,79,2017
FJ,58,81,2016
FJ,62,80,2015
FJ,52,81,2014
FJ,51,78,2013
FJ,59,77,2012
FJ,57,76,2011
FJ,57,72,2010
FJ,49,0,2009
FJ,49,66,2008
FJ,50,0,2007
FJ,51,47,2006
FJ,59,88,2019
FJ,58,88,2022
FJ,62,88,2023
FJ,59,91,2024
FJ,52,90,2025
FI,3,189,2021
FI,4,187,2018
FI,2,188,2019
FI,4,188,2020
FI,3,174,2017
FI,3,175,2016
FI,2,172,2015
FI,1,174,2014
FI,1,173,2013
FI,2,168,2012
FI,1,173,2011
FI,4,162,2010
FI,2,0,2009
FI,2,156,2008
FI,1,0,2007
FI,1,130,2006
FI,3,189,2022
FI,4,189,2023
FI,2,193,2024
FI,3,189,2025
FR,5,187,2021
FR,3,188,2018
FR,4,186,2019
FR,6,186,2020
FR,4,173,2017
FR,3,175,2016
FR,3,171,2015
FR,3,172,2014
FR,4,170,2013
FR,3,167,2012
FR,3,171,2011
FR,5,161,2010
FR,6,0,2009
FR,6,152,2008
FR,4,0,2007
FR,3,128,2006
FR,4,188,2022
FR,6,187,2023
FR,1,194,2024
FR,3,189,2025
GA,91,57,2021
GA,83,57,2020
GA,86,55,2018
GA,86,50,2017
GA,88,49,2016
GA,92,47,2015
GA,81,47,2014
GA,79,47,2013
GA,88,45,2012
GA,88,42,2011
GA,85,42,2010
GA,77,0,2009
GA,77,35,2008
GA,74,0,2007
GA,72,24,2006
GA,85,56,2019
GA,86,57,2022
GA,87,57,2023
GA,81,61,2024
GA,76,58,2025
GM,80,68,2021
GM,72,68,2020
GM,74,68,2018
GM,71,66,2017
GM,71,67,2016
GM,75,66,2015
GM,61,70,2014
GM,60,68,2013
GM,63,71,2012
GM,63,69,2011
GM,61,68,2010
GM,52,0,2009
GM,52,62,2008
GM,48,0,2007
GM,45,53,2006
GM,74,69,2019
GM,75,68,2022
GM,77,69,2023
GM,72,70,2024
GM,66,71,2025
GE,55,115,2021
GE,50,112,2018
GE,49,115,2020
GE,68,69,2017
GE,71,67,2016
GE,79,61,2015
GE,68,62,2014
GE,67,60,2013
GE,73,60,2012
GE,73,58,2011
GE,72,56,2010
GE,66,0,2009
GE,66,46,2008
GE,50,114,2019
GE,67,0,2007
GE,68,28,2006
GE,48,115,2022
GE,50,116,2023
GE,50,121,2024
GE,40,123,2025
DE,2,190,2021
DE,3,188,2018
DE,2,188,2019
DE,3,189,2020
DE,1,176,2017
DE,1,177,2016
DE,1,173,2015
DE,1,174,2014
DE,2,172,2013
DE,2,168,2012
DE,2,172,2011
DE,5,161,2010
DE,3,0,2009
DE,3,155,2008
DE,2,0,2007
DE,2,129,2006
DE,2,190,2022
DE,3,190,2023
DE,1,194,2024
DE,3,189,2025
GH,84,64,2021
GH,75,65,2020
GH,78,63,2018
GH,77,59,2017
GH,73,64,2016
GH,79,61,2015
GH,67,63,2014
GH,66,61,2013
GH,71,62,2012
GH,70,62,2011
GH,67,62,2010
GH,58,0,2009
GH,58,55,2008
GH,55,0,2007
GH,53,45,2006
GH,77,65,2019
GH,79,64,2022
GH,80,65,2023
GH,76,66,2024
GH,68,69,2025
GR,7,185,2021
GR,7,183,2018
GR,8,184,2020
GR,6,171,2017
GR,7,171,2016
GR,7,167,2015
GR,6,169,2014
GR,6,167,2013
GR,7,162,2012
GR,8,166,2011
GR,12,153,2010
GR,9,0,2009
GR,9,149,2008
GR,6,184,2019
GR,9,0,2007
GR,9,120,2006
GR,7,185,2022
GR,8,185,2023
GR,5,190,2024
GR,5,187,2025
GD,35,144,2021
GD,33,144,2018
GD,33,144,2020
GD,37,124,2017
GD,39,121,2016
GD,40,117,2015
GD,45,91,2014
GD,45,88,2013
GD,52,87,2012
GD,51,86,2011
GD,49,83,2010
GD,41,0,2009
GD,41,79,2008
GD,32,142,2019
GD,41,0,2007
GD,41,60,2006
GD,33,144,2022
GD,34,146,2023
GD,32,148,2024
GD,28,147,2025
GT,42,132,2021
GT,37,137,2018
GT,38,133,2020
GT,40,119,2017
GT,42,116,2016
GT,42,113,2015
GT,32,114,2014
GT,34,114,2013
GT,42,109,2012
GT,39,112,2011
GT,42,105,2010
GT,31,0,2009
GT,31,100,2008
GT,38,132,2019
GT,30,0,2007
GT,30,82,2006
GT,38,133,2022
GT,39,133,2023
GT,38,137,2024
GT,34,134,2025
GN,94,54,2021
GN,85,55,2020
GN,85,56,2018
GN,88,48,2017
GN,91,46,2016
GN,96,43,2015
GN,74,54,2014
GN,73,53,2013
GN,83,50,2012
GN,79,52,2011
GN,75,52,2010
GN,66,0,2009
GN,66,46,2008
GN,63,0,2007
GN,60,37,2006
GN,85,56,2019
GN,89,54,2022
GN,88,55,2023
GN,83,59,2024
GN,77,57,2025
GW,96,52,2021
GW,87,53,2020
GW,88,53,2018
GW,87,49,2017
GW,86,51,2016
GW,93,46,2015
GW,79,49,2014
GW,78,48,2013
GW,83,50,2012
GW,83,48,2011
GW,79,48,2010
GW,70,0,2009
GW,70,42,2008
GW,66,0,2007
GW,63,33,2006
GW,87,54,2019
GW,91,52,2022
GW,90,53,2023
GW,86,56,2024
GW,80,54,2025
GY,66,87,2021
GY,57,88,2020
GY,57,88,2018
GY,59,81,2017
GY,57,82,2016
GY,62,80,2015
GY,52,81,2014
GY,51,78,2013
GY,60,76,2012
GY,59,74,2011
GY,57,72,2010
GY,46,0,2009
GY,46,69,2008
GY,45,0,2007
GY,45,53,2006
GY,60,87,2019
GY,59,87,2022
GY,62,88,2023
GY,59,91,2024
GY,51,91,2025
HT,100,48,2021
HT,91,49,2020
HT,89,52,2018
HT,86,50,2017
HT,89,48,2016
HT,94,45,2015
HT,79,49,2014
HT,80,46,2013
HT,90,43,2012
HT,88,42,2011
HT,85,42,2010
HT,76,0,2009
HT,76,36,2008
HT,75,0,2007
HT,74,22,2006
HT,92,49,2019
HT,95,48,2022
HT,94,49,2023
HT,87,55,2024
HT,81,52,2025
HN,42,132,2021
HN,36,138,2018
HN,37,134,2020
HN,38,121,2017
HN,41,119,2016
HN,41,116,2015
HN,31,116,2014
HN,34,114,2013
HN,41,110,2012
HN,39,112,2011
HN,42,105,2010
HN,31,0,2009
HN,31,100,2008
HN,37,134,2019
HN,31,0,2007
HN,32,80,2006
HN,38,133,2022
HN,39,133,2023
HN,40,135,2024
HN,36,131,2025
HK,19,171,2021
HK,17,170,2018
HK,18,170,2020
HK,22,152,2017
HK,20,154,2016
HK,18,152,2015
HK,15,156,2014
HK,14,152,2013
HK,19,147,2012
HK,19,149,2011
HK,19,140,2010
HK,22,0,2009
HK,22,123,2008
HK,18,168,2019
HK,17,0,2007
HK,13,110,2006
HK,18,171,2022
HK,19,171,2023
HK,19,171,2024
HK,16,170,2025
HU,9,183,2021
HU,10,180,2018
HU,10,182,2020
HU,10,167,2017
HU,10,167,2016
HU,11,162,2015
HU,10,162,2014
HU,11,157,2013
HU,14,153,2012
HU,13,157,2011
HU,18,142,2010
HU,17,0,2009
HU,17,131,2008
HU,10,180,2019
HU,18,0,2007
HU,19,101,2006
HU,8,183,2022
HU,9,184,2023
HU,7,188,2024
HU,7,185,2025
IS,12,180,2021
IS,9,181,2018
IS,12,180,2020
IS,8,169,2017
IS,10,167,2016
IS,9,164,2015
IS,9,165,2014
IS,8,165,2013
IS,10,159,2012
IS,9,164,2011
IS,13,151,2010
IS,10,0,2009
IS,10,146,2008
IS,10,180,2019
IS,9,0,2007
IS,9,120,2006
IS,11,180,2022
IS,13,180,2023
IS,10,185,2024
IS,10,182,2025
IN,90,58,2021
IN,82,58,2020
IN,81,60,2018
IN,87,49,2017
IN,85,52,2016
IN,88,51,2015
IN,76,52,2014
IN,74,52,2013
IN,82,51,2012
IN,78,53,2011
IN,77,50,2010
IN,75,0,2009
IN,75,37,2008
IN,73,0,2007
IN,71,25,2006
IN,82,59,2019
IN,83,60,2022
IN,84,60,2023
IN,80,62,2024
IN,76,58,2025
ID,78,71,2021
ID,71,71,2020
ID,72,73,2018
ID,79,57,2017
ID,79,58,2016
ID,84,55,2015
ID,72,56,2014
ID,73,53,2013
ID,81,52,2012
ID,80,51,2011
ID,84,43,2010
ID,69,0,2009
ID,69,43,2008
ID,68,0,2007
ID,67,29,2006
ID,73,70,2019
ID,72,71,2022
ID,75,71,2023
ID,66,78,2024
ID,64,74,2025
IR,107,41,2021
IR,98,41,2020
IR,98,43,2018
IR,95,38,2017
IR,98,37,2016
IR,102,37,2015
IR,87,40,2014
IR,86,40,2013
IR,96,37,2012
IR,94,36,2011
IR,92,34,2010
IR,87,0,2009
IR,87,25,2008
IR,84,0,2007
IR,82,14,2006
IR,99,40,2019
IR,101,42,2022
IR,99,43,2023
IR,95,45,2024
IR,90,42,2025
IQ,115,28,2021
IQ,105,28,2020
IQ,106,30,2018
IQ,103,27,2017
IQ,102,30,2016
IQ,109,29,2015
IQ,93,31,2014
IQ,92,31,2013
IQ,101,30,2012
IQ,100,28,2011
IQ,97,27,2010
IQ,88,0,2009
IQ,88,23,2008
IQ,84,0,2007
IQ,81,15,2006
IQ,106,27,2019
IQ,110,28,2022
IQ,108,29,2023
IQ,102,31,2024
IQ,96,30,2025
IE,5,187,2021
IE,6,185,2018
IE,6,186,2020
IE,6,184,2019
IE,5,172,2017
IE,6,172,2016
IE,5,169,2015
IE,4,171,2014
IE,4,170,2013
IE,5,165,2012
IE,5,169,2011
IE,7,159,2010
IE,2,0,2009
IE,2,156,2008
IE,2,0,2007
IE,2,129,2006
IE,5,187,2022
IE,6,187,2023
IE,3,192,2024
IE,3,189,2025
IL,25,158,2021
IL,21,161,2018
IL,23,160,2020
IL,22,159,2019
IL,24,148,2017
IL,25,147,2016
IL,23,145,2015
IL,20,147,2014
IL,20,144,2013
IL,22,141,2012
IL,23,142,2011
IL,25,133,2010
IL,24,0,2009
IL,24,118,2008
IL,21,0,2007
IL,18,104,2006
IL,24,159,2022
IL,25,159,2023
IL,21,166,2024
IL,17,168,2025
IT,3,189,2021
IT,4,187,2018
IT,3,187,2019
IT,4,188,2020
IT,3,174,2017
IT,3,175,2016
IT,3,171,2015
IT,3,172,2014
IT,3,171,2013
IT,4,166,2012
IT,3,171,2011
IT,5,161,2010
IT,4,0,2009
IT,4,154,2008
IT,3,0,2007
IT,3,128,2006
IT,3,189,2022
IT,4,189,2023
IT,1,194,2024
IT,3,189,2025
JM,68,85,2021
JM,58,86,2020
JM,61,84,2018
JM,62,78,2017
JM,61,78,2016
JM,66,76,2015
JM,53,79,2014
JM,52,77,2013
JM,59,77,2012
JM,58,75,2011
JM,56,73,2010
JM,48,0,2009
JM,48,67,2008
JM,45,0,2007
JM,43,57,2006
JM,61,84,2019
JM,61,85,2022
JM,63,87,2023
JM,60,90,2024
JM,54,88,2025
JP,1,192,2021
JP,1,190,2018
JP,1,190,2019
JP,1,191,2020
JP,5,172,2017
JP,5,173,2016
JP,3,171,2015
JP,3,172,2014
JP,4,170,2013
JP,5,165,2012
JP,4,170,2011
JP,6,160,2010
JP,4,0,2009
JP,4,154,2008
JP,3,0,2007
JP,3,128,2006
JP,1,192,2022
JP,1,193,2023
JP,1,194,2024
JP,2,190,2025
JO,98,50,2021
JO,89,51,2020
JO,91,50,2018
JO,92,43,2017
JO,90,47,2016
JO,95,44,2015
JO,83,45,2014
JO,82,44,2013
JO,90,43,2012
JO,90,40,2011
JO,87,39,2010
JO,82,0,2009
JO,82,30,2008
JO,78,0,2007
JO,75,21,2006
JO,92,49,2019
JO,91,52,2022
JO,90,53,2023
JO,87,55,2024
JO,82,51,2025
KZ,75,74,2021
KZ,67,75,2020
KZ,69,76,2018
KZ,67,71,2017
KZ,71,67,2016
KZ,76,65,2015
KZ,64,66,2014
KZ,66,61,2013
KZ,72,61,2012
KZ,73,58,2011
KZ,73,54,2010
KZ,65,0,2009
KZ,65,47,2008
KZ,66,0,2007
KZ,68,28,2006
KZ,68,75,2019
KZ,68,75,2022
KZ,70,76,2023
KZ,66,78,2024
KZ,61,79,2025
KE,77,72,2021
KE,70,72,2020
KE,73,71,2018
KE,68,69,2017
KE,70,68,2016
KE,71,70,2015
KE,60,71,2014
KE,60,68,2013
KE,67,68,2012
KE,67,65,2011
KE,64,65,2010
KE,55,0,2009
KE,55,58,2008
KE,53,0,2007
KE,52,46,2006
KE,72,71,2019
KE,71,72,2022
KE,73,73,2023
KE,67,76,2024
KE,66,71,2025
KI,48,123,2021
KI,45,123,2018
KI,45,123,2020
KI,46,122,2019
KI,49,109,2017
KI,60,79,2016
KI,62,80,2015
KI,51,82,2014
KI,51,78,2013
KI,61,75,2012
KI,59,74,2011
KI,56,73,2010
KI,48,0,2009
KI,48,67,2008
KI,48,0,2007
KI,49,49,2006
KI,43,123,2022
KI,45,124,2023
KI,47,124,2024
KI,40,123,2025
XK,108,40,2021
XK,99,40,2020
XK,97,44,2018
XK,96,37,2017
XK,97,38,2016
XK,103,36,2015
XK,87,40,2014
XK,88,38,2013
XK,96,37,2012
XK,93,37,2011
XK,89,37,2010
XK,98,41,2019
XK,103,40,2022
XK,101,41,2023
XK,68,74,2024
XK,59,82,2025
KW,61,95,2021
KW,53,96,2020
KW,55,93,2018
KW,60,80,2017
KW,57,82,2016
KW,64,78,2015
KW,54,78,2014
KW,52,77,2013
KW,62,72,2012
KW,61,71,2011
KW,58,71,2010
KW,57,0,2009
KW,57,56,2008
KW,57,0,2007
KW,58,39,2006
KW,56,93,2019
KW,54,95,2022
KW,57,97,2023
KW,55,102,2024
KW,47,100,2025
KG,86,62,2021
KG,77,63,2020
KG,78,63,2018
KG,78,58,2017
KG,79,58,2016
KG,83,56,2015
KG,70,58,2014
KG,71,56,2013
KG,77,56,2012
KG,76,55,2011
KG,74,53,2010
KG,68,0,2009
KG,68,44,2008
KG,68,0,2007
KG,68,28,2006
KG,80,62,2019
KG,80,63,2022
KG,81,64,2023
KG,77,65,2024
KG,71,63,2025
LA,99,49,2021
LA,90,50,2020
LA,89,52,2018
LA,88,48,2017
LA,90,47,2016
LA,94,45,2015
LA,80,48,2014
LA,80,46,2013
LA,89,44,2012
LA,88,42,2011
LA,85,42,2010
LA,79,0,2009
LA,79,33,2008
LA,77,0,2007
LA,76,20,2006
LA,92,49,2019
LA,93,50,2022
LA,93,50,2023
LA,90,51,2024
LA,86,47,2025
LV,11,181,2021
LV,11,179,2018
LV,12,180,2020
LV,10,180,2019
LV,12,165,2017
LV,13,163,2016
LV,14,159,2015
LV,13,158,2014
LV,14,152,2013
LV,18,148,2012
LV,17,153,2011
LV,20,139,2010
LV,20,0,2009
LV,20,127,2008
LV,23,0,2007
LV,26,91,2006
LV,10,181,2022
LV,11,182,2023
LV,9,186,2024
LV,9,183,2025
LB,107,41,2021
LB,99,40,2020
LB,100,41,2018
LB,96,37,2017
LB,96,39,2016
LB,102,37,2015
LB,88,39,2014
LB,88,38,2013
LB,98,35,2012
LB,97,33,2011
LB,94,32,2010
LB,85,0,2009
LB,85,27,2008
LB,82,0,2007
LB,79,17,2006
LB,100,39,2019
LB,102,41,2022
LB,100,42,2023
LB,95,45,2024
LB,88,44,2025
LS,74,77,2021
LS,66,76,2020
LS,71,74,2018
LS,70,67,2017
LS,69,69,2016
LS,72,69,2015
LS,59,72,2014
LS,60,68,2013
LS,67,67,2012
LS,67,65,2011
LS,64,65,2010
LS,52,0,2009
LS,52,62,2008
LS,49,0,2007
LS,47,51,2006
LS,69,74,2019
LS,67,77,2022
LS,69,77,2023
LS,65,80,2024
LS,63,76,2025
LR,99,49,2021
LR,91,49,2020
LR,94,47,2018
LR,92,43,2017
LR,94,43,2016
LR,102,37,2015
LR,80,48,2014
LR,80,46,2013
LR,87,46,2012
LR,86,44,2011
LR,82,45,2010
LR,72,0,2009
LR,72,40,2008
LR,68,0,2007
LR,65,31,2006
LR,93,48,2019
LR,94,49,2022
LR,94,49,2023
LR,90,51,2024
LR,82,51,2025
LY,108,40,2021
LY,101,38,2020
LY,100,41,2018
LY,99,33,2017
LY,99,36,2016
LY,102,37,2015
LY,89,38,2014
LY,87,39,2013
LY,94,39,2012
LY,92,38,2011
LY,87,39,2010
LY,80,0,2009
LY,80,32,2008
LY,78,0,2007
LY,77,19,2006
LY,102,37,2019
LY,103,40,2022
LY,101,41,2023
LY,98,40,2024
LY,94,38,2025
LT,10,182,2021
LT,11,179,2018
LT,11,181,2020
LT,9,181,2019
LT,11,166,2017
LT,14,162,2016
LT,15,158,2015
LT,14,157,2014
LT,15,151,2013
LT,18,149,2012
LT,17,153,2011
LT,19,140,2010
LT,21,0,2009
LT,21,125,2008
LT,22,0,2007
LT,24,94,2006
LT,9,182,2022
LT,10,183,2023
LT,8,187,2024
LT,10,182,2025
LU,3,189,2021
LU,5,186,2018
LU,4,188,2020
LU,3,187,2019
LU,4,173,2017
LU,6,172,2016
LU,3,171,2015
LU,3,172,2014
LU,2,172,2013
LU,4,166,2012
LU,3,171,2011
LU,4,162,2010
LU,4,0,2009
LU,4,154,2008
LU,3,0,2007
LU,3,125,2006
LU,3,189,2022
LU,4,189,2023
LU,4,191,2024
LU,4,188,2025
MO,35,144,2021
MO,33,144,2018
MO,33,144,2020
MO,33,141,2019
MO,36,127,2017
MO,40,120,2016
MO,38,120,2015
MO,30,122,2014
MO,33,118,2013
MO,43,107,2012
MO,41,109,2011
MO,44,99,2010
MO,36,0,2009
MO,36,87,2008
MO,35,0,2007
MO,35,71,2006
MO,33,144,2022
MO,36,144,2023
MO,34,144,2024
MO,30,144,2025
MK,47,125,2021
MK,43,125,2018
MK,44,124,2020
MK,45,123,2019
MK,48,0,2017
MK,45,0,2016
MK,46,0,2015
MK,36,0,2014
MK,38,0,2013
MK,47,0,2012
MK,44,0,2011
MK,46,0,2010
MK,51,0,2009
MK,55,0,2008
MK,42,125,2022
MK,44,125,2023
MK,45,127,2024
MK,37,129,2025
MG,93,55,2021
MG,85,55,2020
MG,88,53,2018
MG,86,50,2017
MG,89,48,2016
MG,93,46,2015
MG,79,49,2014
MG,77,49,2013
MG,86,47,2012
MG,86,44,2011
MG,83,44,2010
MG,73,0,2009
MG,73,39,2008
MG,72,0,2007
MG,71,25,2006
MG,87,54,2019
MG,88,55,2022
MG,88,55,2023
MG,82,60,2024
MG,76,58,2025
MW,76,73,2021
MW,69,73,2020
MW,73,71,2018
MW,70,67,2017
MW,71,67,2016
MW,75,66,2015
MW,62,69,2014
MW,61,67,2013
MW,68,66,2012
MW,67,65,2011
MW,64,65,2010
MW,53,0,2009
MW,53,60,2008
MW,51,0,2007
MW,50,48,2006
MW,71,72,2019
MW,70,73,2022
MW,72,74,2023
MW,67,76,2024
MW,65,73,2025
MY,13,179,2021
MY,10,180,2018
MY,14,178,2020
MY,12,177,2019
MY,13,164,2017
MY,12,164,2016
MY,10,163,2015
MY,8,166,2014
MY,9,163,2013
MY,14,153,2012
MY,12,158,2011
MY,13,151,2010
MY,11,0,2009
MY,11,145,2008
MY,10,0,2007
MY,9,120,2006
MY,12,179,2022
MY,14,179,2023
MY,12,182,2024
MY,11,181,2025
MV,66,87,2021
MV,59,85,2020
MV,58,87,2018
MV,60,80,2017
MV,59,80,2016
MV,61,81,2015
MV,49,84,2014
MV,49,80,2013
MV,58,78,2012
MV,57,76,2011
MV,56,73,2010
MV,51,0,2009
MV,51,64,2008
MV,51,0,2007
MV,52,46,2006
MV,61,84,2019
MV,58,88,2022
MV,61,89,2023
MV,57,95,2024
MV,50,93,2025
ML,94,54,2021
ML,86,54,2020
ML,86,55,2018
ML,85,51,2017
ML,85,52,2016
ML,89,50,2015
ML,74,54,2014
ML,73,53,2013
ML,79,54,2012
ML,80,51,2011
ML,75,52,2010
ML,65,0,2009
ML,65,47,2008
ML,62,0,2007
ML,59,38,2006
ML,87,54,2019
ML,89,54,2022
ML,89,54,2023
ML,86,56,2024
ML,79,55,2025
MT,7,185,2021
MT,7,183,2018
MT,8,184,2020
MT,7,183,2019
MT,10,167,2017
MT,9,168,2016
MT,8,166,2015
MT,8,166,2014
MT,9,163,2013
MT,11,156,2012
MT,11,160,2011
MT,15,146,2010
MT,14,0,2009
MT,14,139,2008
MT,12,0,2007
MT,11,115,2006
MT,7,185,2022
MT,8,185,2023
MT,5,190,2024
MT,7,185,2025
MH,49,122,2021
MH,44,124,2018
MH,45,123,2020
MH,46,122,2019
MH,46,112,2017
MH,60,79,2016
MH,65,77,2015
MH,53,79,2014
MH,52,77,2013
MH,62,72,2012
MH,63,69,2011
MH,66,63,2010
MH,56,0,2009
MH,56,57,2008
MH,58,0,2007
MH,61,36,2006
MH,44,122,2022
MH,46,123,2023
MH,46,126,2024
MH,38,128,2025
MR,89,59,2021
MR,81,59,2020
MR,83,58,2018
MR,82,54,2017
MR,82,55,2016
MR,86,53,2015
MR,73,55,2014
MR,72,55,2013
MR,79,54,2012
MR,79,52,2011
MR,75,52,2010
MR,63,0,2009
MR,63,49,2008
MR,60,0,2007
MR,58,39,2006
MR,83,58,2019
MR,84,59,2022
MR,85,59,2023
MR,83,59,2024
MR,77,57,2025
MU,33,146,2021
MU,31,146,2018
MU,31,148,2020
MU,30,146,2019
MU,33,131,2017
MU,35,128,2016
MU,35,124,2015
MU,27,125,2014
MU,30,123,2013
MU,36,120,2012
MU,34,122,2011
MU,40,111,2010
MU,48,0,2009
MU,48,67,2008
MU,47,0,2007
MU,46,52,2006
MU,31,146,2022
MU,34,146,2023
MU,30,150,2024
MU,26,149,2025
MX,25,158,2021
MX,22,158,2018
MX,24,159,2020
MX,23,158,2019
MX,26,142,2017
MX,28,139,2016
MX,28,133,2015
MX,23,133,2014
MX,23,132,2013
MX,30,127,2012
MX,29,129,2011
MX,32,120,2010
MX,27,0,2009
MX,27,114,2008
MX,24,0,2007
MX,21,98,2006
MX,24,159,2022
MX,25,159,2023
MX,23,161,2024
MX,21,158,2025
FM,53,117,2021
FM,46,122,2018
FM,47,118,2020
FM,47,119,2019
FM,51,106,2017
FM,63,75,2016
FM,68,73,2015
FM,56,75,2014
FM,55,73,2013
FM,66,67,2012
FM,66,66,2011
FM,69,60,2010
FM,69,0,2009
FM,69,0,2008
FM,47,117,2022
FM,49,118,2023
FM,48,123,2024
FM,40,123,2025
MD,50,120,2021
MD,46,122,2018
MD,46,120,2020
MD,47,119,2019
MD,54,102,2017
MD,52,101,2016
MD,53,95,2015
MD,46,89,2014
MD,68,59,2013
MD,68,0,2012
MD,67,0,2011
MD,66,0,2010
MD,66,0,2009
MD,66,0,2008
MD,45,120,2022
MD,47,121,2023
MD,49,122,2024
MD,41,121,2025
MN,87,61,2021
MN,78,62,2020
MN,80,61,2018
MN,80,54,2017
MN,81,56,2016
MN,87,52,2015
MN,77,51,2014
MN,75,51,2013
MN,84,49,2012
MN,87,43,2011
MN,82,45,2010
MN,73,0,2009
MN,73,39,2008
MN,72,0,2007
MN,72,24,2006
MN,80,62,2019
MN,82,61,2022
MN,82,62,2023
MN,79,63,2024
MN,70,65,2025
ME,48,123,2021
ME,45,123,2018
ME,44,124,2020
ME,46,122,2019
ME,50,107,2017
ME,47,107,2016
ME,49,104,2015
ME,39,99,2014
ME,40,98,2013
ME,49,94,2012
ME,45,97,2011
ME,48,86,2010
ME,62,0,2009
ME,62,0,2008
ME,43,123,2022
ME,62,0,2007
ME,62,0,2006
ME,45,124,2023
ME,46,126,2024
ME,38,128,2025
MA,85,63,2021
MA,76,64,2020
MA,80,61,2018
MA,78,58,2017
MA,78,59,2016
MA,83,56,2015
MA,73,55,2014
MA,75,51,2013
MA,82,51,2012
MA,81,50,2011
MA,76,51,2010
MA,70,0,2009
MA,70,42,2008
MA,68,0,2007
MA,66,30,2006
MA,80,62,2019
MA,79,64,2022
MA,80,65,2023
MA,71,71,2024
MA,65,73,2025
MZ,86,62,2021
MZ,78,62,2020
MZ,83,58,2018
MZ,81,55,2017
MZ,86,51,2016
MZ,90,49,2015
MZ,77,51,2014
MZ,77,49,2013
MZ,84,49,2012
MZ,86,44,2011
MZ,82,45,2010
MZ,75,0,2009
MZ,75,37,2008
MZ,74,0,2007
MZ,74,22,2006
MZ,81,60,2019
MZ,81,62,2022
MZ,82,62,2023
MZ,79,63,2024
MZ,72,62,2025
MM,102,46,2021
MM,93,47,2020
MM,93,48,2018
MM,93,41,2017
MM,95,42,2016
MM,99,40,2015
MM,86,42,2014
MM,86,40,2013
MM,96,37,2012
MM,96,34,2011
MM,92,34,2010
MM,85,0,2009
MM,85,27,2008
MM,83,0,2007
MM,81,15,2006
MM,95,46,2019
MM,97,46,2022
MM,96,47,2023
MM,92,48,2024
MM,88,44,2025
NA,73,78,2021
NA,65,77,2020
NA,69,76,2018
NA,67,71,2017
NA,68,70,2016
NA,71,70,2015
NA,60,71,2014
NA,60,68,2013
NA,67,67,2012
NA,67,65,2011
NA,62,67,2010
NA,55,0,2009
NA,55,58,2008
NA,55,0,2007
NA,56,41,2006
NA,67,76,2019
NA,66,78,2022
NA,67,79,2023
NA,65,80,2024
NA,62,78,2025
NR,64,89,2021
NR,56,89,2020
NR,59,86,2018
NR,60,80,2017
NR,59,80,2016
NR,63,79,2015
NR,52,81,2014
NR,51,78,2013
NR,61,75,2012
NR,60,73,2011
NR,56,73,2010
NR,51,0,2009
NR,51,64,2008
NR,52,0,2007
NR,54,44,2006
NR,60,87,2019
NR,57,89,2022
NR,60,90,2023
NR,60,90,2024
NR,55,87,2025
NP,110,37,2021
NP,101,38,2020
NP,101,40,2018
NP,97,36,2017
NP,98,37,2016
NP,105,34,2015
NP,90,37,2014
NP,89,37,2013
NP,98,35,2012
NP,96,34,2011
NP,88,38,2010
NP,80,0,2009
NP,80,32,2008
NP,78,0,2007
NP,76,20,2006
NP,101,38,2019
NP,105,37,2022
NP,103,38,2023
NP,98,40,2024
NP,94,38,2025
NL,5,187,2021
NL,5,186,2018
NL,6,186,2020
NL,5,185,2019
NL,4,173,2017
NL,4,174,2016
NL,3,171,2015
NL,3,172,2014
NL,3,171,2013
NL,3,167,2012
NL,3,171,2011
NL,5,161,2010
NL,4,0,2009
NL,4,154,2008
NL,4,0,2007
NL,5,126,2006
NL,4,188,2022
NL,5,188,2023
NL,3,192,2024
NL,4,188,2025
NZ,6,186,2021
NZ,8,182,2018
NZ,7,185,2020
NZ,8,182,2019
NZ,5,172,2017
NZ,7,171,2016
NZ,4,170,2015
NZ,5,170,2014
NZ,5,168,2013
NZ,5,165,2012
NZ,8,166,2011
NZ,9,157,2010
NZ,8,0,2009
NZ,8,150,2008
NZ,7,0,2007
NZ,6,125,2006
NZ,6,186,2022
NZ,7,186,2023
NZ,6,189,2024
NZ,5,187,2025
NI,46,126,2021
NI,41,128,2018
NI,41,129,2020
NI,41,128,2019
NI,46,112,2017
NI,46,110,2016
NI,46,108,2015
NI,34,110,2014
NI,36,109,2013
NI,44,105,2012
NI,42,108,2011
NI,43,101,2010
NI,33,0,2009
NI,33,93,2008
NI,33,0,2007
NI,33,75,2006
NI,41,127,2022
NI,43,128,2023
NI,43,130,2024
NI,39,127,2025
NE,95,53,2021
NE,86,54,2020
NE,87,54,2018
NE,84,52,2017
NE,82,55,2016
NE,88,51,2015
NE,74,54,2014
NE,73,53,2013
NE,81,52,2012
NE,83,48,2011
NE,76,51,2010
NE,65,0,2009
NE,65,47,2008
NE,62,0,2007
NE,60,37,2006
NE,87,54,2019
NE,90,53,2022
NE,90,53,2023
NE,85,57,2024
NE,77,57,2025
NG,103,45,2021
NG,94,46,2020
NG,94,47,2018
NG,91,44,2017
NG,92,45,2016
NG,95,44,2015
NG,79,49,2014
NG,78,48,2013
NG,87,46,2012
NG,84,46,2011
NG,76,51,2010
NG,67,0,2009
NG,67,45,2008
NG,64,0,2007
NG,62,35,2006
NG,95,46,2019
NG,98,45,2022
NG,97,46,2023
NG,95,45,2024
NG,87,45,2025
KP,109,39,2021
KP,100,39,2020
KP,99,42,2018
KP,94,40,2017
KP,95,42,2016
KP,100,39,2015
KP,86,42,2014
KP,85,41,2013
KP,94,39,2012
KP,93,37,2011
KP,90,36,2010
KP,83,0,2009
KP,83,29,2008
KP,80,0,2007
KP,78,18,2006
KP,100,39,2019
KP,104,39,2022
KP,102,40,2023
KP,97,42,2024
KP,92,40,2025
NO,7,185,2021
NO,5,186,2018
NO,7,185,2020
NO,6,184,2019
NO,4,173,2017
NO,6,172,2016
NO,3,171,2015
NO,4,171,2014
NO,4,170,2013
NO,5,165,2012
NO,4,170,2011
NO,7,159,2010
NO,5,0,2009
NO,5,153,2008
NO,4,0,2007
NO,4,127,2006
NO,6,186,2022
NO,7,186,2023
NO,4,191,2024
NO,4,188,2025
OM,71,80,2021
OM,62,80,2020
OM,67,78,2018
OM,68,69,2017
OM,67,71,2016
OM,73,68,2015
OM,64,66,2014
OM,65,63,2013
OM,72,61,2012
OM,71,60,2011
OM,68,61,2010
OM,63,0,2009
OM,63,49,2008
OM,62,0,2007
OM,61,36,2006
OM,64,79,2019
OM,64,80,2022
OM,65,82,2023
OM,60,90,2024
OM,53,89,2025
PK,113,31,2021
PK,103,32,2020
PK,104,33,2018
PK,102,28,2017
PK,103,29,2016
PK,107,31,2015
PK,92,32,2014
PK,91,32,2013
PK,100,32,2012
PK,99,31,2011
PK,90,36,2010
PK,87,0,2009
PK,87,25,2008
PK,83,0,2007
PK,79,17,2006
PK,104,31,2019
PK,108,31,2022
PK,106,32,2023
PK,101,34,2024
PK,95,32,2025
PW,51,119,2021
PW,47,119,2018
PW,46,120,2020
PW,47,119,2019
PW,52,0,2017
PW,49,0,2016
PW,68,0,2015
PW,57,0,2014
PW,56,0,2013
PW,67,0,2012
PW,67,0,2011
PW,70,0,2010
PW,61,0,2009
PW,61,0,2008
PW,46,119,2022
PW,48,120,2023
PW,48,123,2024
PW,40,123,2025
PA,37,141,2021
PA,35,141,2018
PA,34,142,2020
PA,34,140,2019
PA,36,127,2017
PA,36,127,2016
PA,34,125,2015
PA,28,124,2014
PA,32,121,2013
PA,39,113,2012
PA,37,114,2011
PA,41,106,2010
PA,31,0,2009
PA,31,100,2008
PA,30,0,2007
PA,30,82,2006
PA,34,142,2022
PA,36,144,2023
PA,31,149,2024
PA,27,148,2025
PG,70,82,2021
PG,60,84,2020
PG,62,83,2018
PG,63,76,2017
PG,62,77,2016
PG,66,76,2015
PG,54,78,2014
PG,53,75,2013
PG,62,72,2012
PG,62,70,2011
PG,59,70,2010
PG,54,0,2009
PG,54,59,2008
PG,55,0,2007
PG,56,41,2006
PG,62,83,2019
PG,63,82,2022
PG,64,83,2023
PG,62,85,2024
PG,56,86,2025
PY,37,141,2021
PY,34,143,2018
PY,35,141,2020
PY,32,142,2019
PY,35,128,2017
PY,37,125,2016
PY,36,123,2015
PY,29,123,2014
PY,29,124,2013
PY,37,119,2012
PY,35,121,2011
PY,39,112,2010
PY,30,0,2009
PY,30,104,2008
PY,30,0,2007
PY,30,82,2006
PY,35,141,2022
PY,37,142,2023
PY,33,146,2024
PY,29,146,2025
PE,40,134,2021
PE,38,135,2018
PE,36,135,2020
PE,36,135,2019
PE,41,118,2017
PE,56,86,2016
PE,60,82,2015
PE,50,83,2014
PE,49,80,2013
PE,60,76,2012
PE,58,75,2011
PE,58,71,2010
PE,52,0,2009
PE,52,62,2008
PE,54,0,2007
PE,56,41,2006
PE,36,135,2022
PE,38,136,2023
PE,36,142,2024
PE,31,143,2025
PH,83,65,2021
PH,74,66,2020
PH,75,66,2018
PH,75,61,2017
PH,76,61,2016
PH,80,60,2015
PH,68,62,2014
PH,69,58,2013
PH,74,59,2012
PH,73,58,2011
PH,73,54,2010
PH,62,0,2009
PH,62,50,2008
PH,62,0,2007
PH,63,33,2006
PH,77,65,2019
PH,77,66,2022
PH,78,67,2023
PH,73,69,2024
PH,70,65,2025
PL,10,182,2021
PL,13,175,2018
PL,11,181,2020
PL,13,174,2019
PL,14,162,2017
PL,15,161,2016
PL,16,157,2015
PL,14,157,2014
PL,13,153,2013
PL,17,150,2012
PL,16,154,2011
PL,16,145,2010
PL,16,0,2009
PL,16,132,2008
PL,16,0,2007
PL,16,106,2006
PL,8,183,2022
PL,9,184,2023
PL,6,189,2024
PL,7,185,2025
PT,5,187,2021
PT,5,186,2018
PT,6,186,2020
PT,5,185,2019
PT,6,171,2017
PT,6,172,2016
PT,4,170,2015
PT,3,172,2014
PT,4,170,2013
PT,5,165,2012
PT,4,170,2011
PT,8,158,2010
PT,2,0,2009
PT,2,156,2008
PT,4,0,2007
PT,7,123,2006
PT,5,187,2022
PT,6,187,2023
PT,4,191,2024
PT,4,188,2025
QA,60,97,2021
QA,54,95,2020
QA,60,85,2018
QA,62,76,2017
QA,60,79,2016
QA,67,74,2015
QA,56,75,2014
QA,57,71,2013
QA,67,67,2012
QA,66,66,2011
QA,63,66,2010
QA,60,0,2009
QA,60,53,2008
QA,60,0,2007
QA,60,37,2006
QA,57,92,2019
QA,53,97,2022
QA,55,100,2023
QA,53,108,2024
QA,44,112,2025
RO,16,174,2021
RO,18,169,2018
RO,16,172,2020
RO,16,171,2019
RO,21,153,2017
RO,21,153,2016
RO,22,148,2015
RO,19,148,2014
RO,21,141,2013
RO,25,138,2012
RO,21,144,2011
RO,22,136,2010
RO,26,0,2009
RO,26,115,2008
RO,30,0,2007
RO,34,73,2006
RO,16,174,2022
RO,17,175,2023
RO,13,179,2024
RO,13,177,2025
RU,52,118,2021
RU,47,119,2018
RU,48,117,2020
RU,48,117,2019
RU,51,106,2017
RU,48,105,2016
RU,50,102,2015
RU,38,100,2014
RU,41,95,2013
RU,49,94,2012
RU,49,89,2011
RU,49,83,2010
RU,53,0,2009
RU,53,60,2008
RU,57,0,2007
RU,62,35,2006
RU,46,119,2022
RU,49,118,2023
RU,51,119,2024
RU,43,114,2025
RW,87,61,2021
RW,80,60,2020
RW,87,54,2018
RW,85,51,2017
RW,89,48,2016
RW,92,47,2015
RW,82,46,2014
RW,82,44,2013
RW,90,43,2012
RW,91,39,2011
RW,87,39,2010
RW,78,0,2009
RW,78,34,2008
RW,75,0,2007
RW,73,23,2006
RW,84,57,2019
RW,82,61,2022
RW,83,61,2023
RW,76,66,2024
RW,71,63,2025
WS,43,131,2021
WS,40,129,2018
WS,39,131,2020
WS,39,131,2019
WS,44,114,2017
WS,44,112,2016
WS,45,109,2015
WS,48,85,2014
WS,48,81,2013
WS,57,79,2012
WS,56,78,2011
WS,53,77,2010
WS,46,0,2009
WS,46,69,2008
WS,47,0,2007
WS,49,49,2006
WS,39,131,2022
WS,40,132,2023
WS,42,132,2024
WS,37,129,2025
ST,88,60,2021
ST,79,61,2020
ST,83,58,2018
ST,81,55,2017
ST,83,54,2016
ST,89,50,2015
ST,74,54,2014
ST,76,50,2013
ST,85,48,2012
ST,85,45,2011
ST,83,44,2010
ST,75,0,2009
ST,75,37,2008
ST,74,0,2007
ST,74,22,2006
ST,81,60,2019
ST,83,60,2022
ST,84,60,2023
ST,81,61,2024
ST,73,61,2025
SA,72,79,2021
SA,64,78,2020
SA,70,75,2018
SA,69,68,2017
SA,69,69,2016
SA,75,66,2015
SA,65,65,2014
SA,64,64,2013
SA,74,59,2012
SA,73,58,2011
SA,71,57,2010
SA,70,0,2009
SA,70,42,2008
SA,67,0,2007
SA,65,31,2006
SA,69,74,2019
SA,65,79,2022
SA,65,82,2023
SA,61,89,2024
SA,51,91,2025
SN,92,56,2021
SN,84,56,2020
SN,85,56,2018
SN,83,53,2017
SN,82,55,2016
SN,86,53,2015
SN,71,57,2014
SN,72,55,2013
SN,79,54,2012
SN,79,52,2011
SN,76,51,2010
SN,64,0,2009
SN,64,48,2008
SN,62,0,2007
SN,60,37,2006
SN,86,55,2019
SN,87,56,2022
SN,87,57,2023
SN,84,58,2024
SN,75,59,2025
RS,39,135,2021
RS,39,130,2018
RS,37,134,2020
RS,39,131,2019
RS,43,115,2017
RS,43,115,2016
RS,44,110,2015
RS,35,107,2014
RS,37,104,2013
RS,45,99,2012
RS,43,100,2011
RS,47,88,2010
RS,62,0,2009
RS,62,50,2008
RS,63,0,2007
RS,64,32,2006
RS,36,135,2022
RS,38,136,2023
RS,37,138,2024
RS,32,138,2025
SC,29,152,2021
SC,25,152,2018
SC,29,151,2020
SC,26,151,2019
SC,29,137,2017
SC,31,133,2016
SC,30,129,2015
SC,26,129,2014
SC,28,126,2013
SC,35,122,2012
SC,33,124,2011
SC,38,113,2010
SC,44,0,2009
SC,44,71,2008
SC,45,0,2007
SC,46,52,2006
SC,28,152,2022
SC,29,153,2023
SC,26,156,2024
SC,23,156,2025
SL,85,63,2021
SL,77,63,2020
SL,79,62,2018
SL,81,55,2017
SL,86,51,2016
SL,90,49,2015
SL,65,65,2014
SL,65,63,2013
SL,70,63,2012
SL,68,64,2011
SL,64,65,2010
SL,53,0,2009
SL,53,60,2008
SL,52,0,2007
SL,51,47,2006
SL,79,63,2019
SL,80,63,2022
SL,81,64,2023
SL,75,67,2024
SL,70,65,2025
SG,1,192,2021
SG,2,189,2018
SG,1,190,2019
SG,2,190,2020
SG,4,173,2017
SG,5,173,2016
SG,5,169,2015
SG,5,170,2014
SG,6,167,2013
SG,8,161,2012
SG,9,164,2011
SG,11,155,2010
SG,8,0,2009
SG,8,150,2008
SG,8,0,2007
SG,8,122,2006
SG,1,192,2022
SG,2,192,2023
SG,1,194,2024
SG,1,193,2025
SK,10,182,2021
SK,11,179,2018
SK,11,181,2020
SK,9,181,2019
SK,12,165,2017
SK,11,165,2016
SK,12,161,2015
SK,11,161,2014
SK,12,155,2013
SK,13,154,2012
SK,13,157,2011
SK,17,144,2010
SK,18,0,2009
SK,18,130,2008
SK,20,0,2007
SK,22,97,2006
SK,9,182,2022
SK,10,183,2023
SK,9,186,2024
SK,9,183,2025
SI,11,181,2021
SI,10,180,2018
SI,12,180,2020
SI,10,180,2019
SI,12,165,2017
SI,12,164,2016
SI,13,160,2015
SI,12,160,2014
SI,12,155,2013
SI,16,151,2012
SI,14,156,2011
SI,17,144,2010
SI,14,0,2009
SI,14,139,2008
SI,15,0,2007
SI,17,105,2006
SI,10,181,2022
SI,11,182,2023
SI,9,186,2024
SI,9,183,2025
SB,43,131,2021
SB,39,130,2018
SB,39,131,2020
SB,40,130,2019
SB,42,116,2017
SB,56,86,2016
SB,58,85,2015
SB,47,87,2014
SB,47,84,2013
SB,56,81,2012
SB,55,79,2011
SB,52,78,2010
SB,43,0,2009
SB,43,73,2008
SB,43,0,2007
SB,44,54,2006
SB,39,131,2022
SB,40,132,2023
SB,41,134,2024
SB,34,134,2025
SO,111,34,2021
SO,102,33,2020
SO,105,32,2018
SO,100,30,2017
SO,101,31,2016
SO,108,30,2015
SO,92,32,2014
SO,91,32,2013
SO,102,28,2012
SO,100,28,2011
SO,95,31,2010
SO,87,0,2009
SO,87,25,2008
SO,84,0,2007
SO,81,15,2006
SO,104,31,2019
SO,106,34,2022
SO,104,35,2023
SO,99,36,2024
SO,95,32,2025
ZA,58,103,2021
ZA,52,102,2018
ZA,52,101,2020
ZA,53,100,2019
ZA,55,98,2017
ZA,54,97,2016
ZA,53,95,2015
ZA,41,97,2014
ZA,42,94,2013
ZA,50,93,2012
ZA,47,92,2011
ZA,47,88,2010
ZA,35,0,2009
ZA,35,88,2008
ZA,36,0,2007
ZA,37,65,2006
ZA,51,104,2022
ZA,53,106,2023
ZA,53,108,2024
ZA,45,103,2025
KR,2,190,2021
KR,3,188,2018
KR,2,188,2019
KR,3,189,2020
KR,7,170,2017
KR,6,172,2016
KR,3,171,2015
KR,3,172,2014
KR,7,166,2013
KR,9,160,2012
KR,10,163,2011
KR,13,151,2010
KR,12,0,2009
KR,12,144,2008
KR,11,0,2007
KR,11,115,2006
KR,2,190,2022
KR,2,192,2023
KR,2,193,2024
KR,2,190,2025
SS,104,44,2021
SS,96,43,2020
SS,100,41,2018
SS,96,37,2017
SS,97,38,2016
SS,104,35,2015
SS,88,39,2014
SS,87,39,2013
SS,95,38,2012
SS,98,32,2011
SS,96,30,2010
SS,86,0,2009
SS,86,0,2008
SS,97,42,2019
SS,99,44,2022
SS,98,44,2023
SS,94,46,2024
SS,89,43,2025
ES,3,189,2021
ES,4,187,2018
ES,4,188,2020
ES,4,186,2019
ES,3,174,2017
ES,3,175,2016
ES,4,170,2015
ES,3,172,2014
ES,4,170,2013
ES,5,165,2012
ES,4,170,2011
ES,6,160,2010
ES,4,0,2009
ES,4,154,2008
ES,4,0,2007
ES,4,127,2006
ES,3,189,2022
ES,3,190,2023
ES,1,194,2024
ES,3,189,2025
LK,107,41,2021
LK,97,42,2020
LK,99,42,2018
LK,95,38,2017
LK,96,39,2016
LK,101,38,2015
LK,88,39,2014
LK,88,38,2013
LK,96,37,2012
LK,92,38,2011
LK,84,43,2010
LK,79,0,2009
LK,79,33,2008
LK,76,0,2007
LK,74,22,2006
LK,96,43,2019
LK,102,41,2022
LK,100,42,2023
LK,96,43,2024
LK,90,42,2025
KN,26,157,2021
KN,26,151,2018
KN,25,156,2020
KN,24,154,2019
KN,30,136,2017
KN,32,132,2016
KN,29,131,2015
KN,24,132,2014
KN,24,131,2013
KN,29,128,2012
KN,28,131,2011
KN,31,121,2010
KN,38,0,2009
KN,38,84,2008
KN,39,0,2007
KN,40,62,2006
KN,25,157,2022
KN,26,157,2023
KN,25,157,2024
KN,24,154,2025
LC,33,146,2021
LC,31,146,2018
LC,32,146,2020
LC,31,145,2019
LC,36,127,2017
LC,37,125,2016
LC,37,121,2015
LC,40,98,2014
LC,42,94,2013
LC,50,93,2012
LC,48,91,2011
LC,46,89,2010
LC,38,0,2009
LC,38,84,2008
LC,38,0,2007
LC,39,63,2006
LC,31,146,2022
LC,33,147,2023
LC,32,148,2024
LC,29,146,2025
VC,30,151,2021
VC,32,145,2018
VC,31,148,2020
VC,31,145,2019
VC,36,127,2017
VC,37,125,2016
VC,39,119,2015
VC,43,94,2014
VC,43,92,2013
VC,51,92,2012
VC,48,91,2011
VC,47,88,2010
VC,37,0,2009
VC,37,86,2008
VC,37,0,2007
VC,38,64,2006
VC,29,151,2022
VC,30,152,2023
VC,25,157,2024
VC,23,156,2025
SD,107,41,2021
SD,99,40,2020
SD,102,39,2018
SD,97,36,2017
SD,98,37,2016
SD,104,35,2015
SD,89,38,2014
SD,88,38,2013
SD,97,36,2012
SD,98,32,2011
SD,96,30,2010
SD,86,0,2009
SD,86,26,2008
SD,82,0,2007
SD,79,17,2006
SD,102,37,2019
SD,102,41,2022
SD,100,42,2023
SD,95,45,2024
SD,91,41,2025
SR,74,77,2021
SR,64,78,2020
SR,65,80,2018
SR,65,74,2017
SR,64,74,2016
SR,71,70,2015
SR,59,72,2014
SR,56,72,2013
SR,64,70,2012
SR,66,66,2011
SR,66,63,2010
SR,56,0,2009
SR,56,57,2008
SR,56,0,2007
SR,57,40,2006
SR,65,78,2019
SR,67,77,2022
SR,70,76,2023
SR,64,81,2024
SR,62,78,2025
SZ,75,74,2021
SZ,68,74,2020
SZ,73,71,2018
SZ,71,66,2017
SZ,71,67,2016
SZ,74,67,2015
SZ,61,70,2014
SZ,62,66,2013
SZ,68,66,2012
SZ,69,63,2011
SZ,65,64,2010
SZ,54,0,2009
SZ,54,59,2008
SZ,53,0,2007
SZ,52,46,2006
SZ,70,73,2019
SZ,69,74,2022
SZ,71,75,2023
SZ,66,78,2024
SZ,64,74,2025
SE,5,187,2021
SE,4,187,2018
SE,4,186,2019
SE,6,186,2020
SE,2,175,2017
SE,2,176,2016
SE,2,172,2015
SE,1,174,2014
SE,1,173,2013
SE,2,168,2012
SE,1,173,2011
SE,3,163,2010
SE,3,0,2009
SE,3,155,2008
SE,2,0,2007
SE,2,129,2006
SE,4,188,2022
SE,5,188,2023
SE,2,193,2024
SE,4,188,2025
CH,6,186,2021
CH,6,185,2018
CH,7,185,2020
CH,6,184,2019
CH,5,171,2017
CH,6,172,2016
CH,5,169,2015
CH,5,170,2014
CH,5,168,2013
CH,7,162,2012
CH,7,167,2011
CH,10,156,2010
CH,9,0,2009
CH,9,149,2008
CH,6,0,2007
CH,4,127,2006
CH,6,186,2022
CH,7,186,2023
CH,5,190,2024
CH,5,187,2025
SY,114,29,2021
SY,104,29,2020
SY,105,32,2018
SY,101,29,2017
SY,100,32,2016
SY,106,33,2015
SY,89,38,2014
SY,87,39,2013
SY,96,37,2012
SY,93,37,2011
SY,87,39,2010
SY,82,0,2009
SY,82,30,2008
SY,81,0,2007
SY,80,16,2006
SY,105,29,2019
SY,109,29,2022
SY,107,30,2023
SY,103,29,2024
SY,97,27,2025
TW,34,145,2021
TW,29,148,2018
TW,32,146,2020
TW,31,145,2019
TW,31,134,2017
TW,29,137,2016
TW,30,129,2015
TW,24,132,2014
TW,25,130,2013
TW,36,120,2012
TW,40,111,2011
TW,69,60,2010
TW,54,0,2009
TW,54,59,2008
TW,54,0,2007
TW,55,42,2006
TW,32,145,2022
TW,35,145,2023
TW,35,143,2024
TW,32,138,2025
TJ,90,58,2021
TJ,82,58,2020
TJ,83,58,2018
TJ,83,53,2017
TJ,84,53,2016
TJ,88,51,2015
TJ,75,53,2014
TJ,76,50,2013
TJ,83,50,2012
TJ,81,50,2011
TJ,77,50,2010
TJ,68,0,2009
TJ,68,44,2008
TJ,68,0,2007
TJ,69,27,2006
TJ,84,57,2019
TJ,84,59,2022
TJ,84,60,2023
TJ,81,61,2024
TJ,78,56,2025
TZ,77,72,2021
TZ,71,71,2020
TZ,74,68,2018
TZ,72,65,2017
TZ,72,65,2016
TZ,76,65,2015
TZ,64,66,2014
TZ,63,65,2013
TZ,68,66,2012
TZ,70,62,2011
TZ,68,61,2010
TZ,59,0,2009
TZ,59,54,2008
TZ,57,0,2007
TZ,56,41,2006
TZ,75,68,2019
TZ,71,72,2022
TZ,74,72,2023
TZ,69,73,2024
TZ,67,70,2025
TH,72,79,2021
TH,63,79,2020
TH,68,77,2018
TH,67,71,2017
TH,67,71,2016
TH,73,68,2015
TH,62,69,2014
TH,60,68,2013
TH,69,64,2012
TH,69,63,2011
TH,69,60,2010
TH,61,0,2009
TH,61,52,2008
TH,64,0,2007
TH,67,29,2006
TH,66,77,2019
TH,65,79,2022
TH,68,78,2023
TH,63,82,2024
TH,60,81,2025
TL,62,93,2021
TL,54,98,2018
TL,54,95,2020
TL,55,95,2019
TL,57,0,2017
TL,57,0,2016
TL,89,0,2015
TL,77,0,2014
TL,78,0,2013
TL,89,0,2012
TL,88,0,2011
TL,85,0,2010
TL,75,0,2009
TL,75,0,2008
TL,55,93,2022
TL,58,94,2023
TL,56,96,2024
TL,48,95,2025
TG,94,54,2021
TG,85,55,2020
TG,87,54,2018
TG,83,53,2017
TG,82,55,2016
TG,88,51,2015
TG,74,54,2014
TG,73,53,2013
TG,80,53,2012
TG,80,51,2011
TG,76,51,2010
TG,69,0,2009
TG,69,43,2008
TG,65,0,2007
TG,62,35,2006
TG,86,55,2019
TG,89,54,2022
TG,88,55,2023
TG,83,59,2024
TG,74,60,2025
TO,44,129,2021
TO,44,124,2018
TO,43,125,2020
TO,44,125,2019
TO,47,111,2017
TO,46,110,2016
TO,62,80,2015
TO,50,83,2014
TO,49,80,2013
TO,61,75,2012
TO,60,73,2011
TO,57,72,2010
TO,51,0,2009
TO,51,64,2008
TO,51,0,2007
TO,52,46,2006
TO,40,129,2022
TO,41,130,2023
TO,43,130,2024
TO,37,129,2025
TT,31,150,2021
TT,30,147,2018
TT,30,150,2020
TT,29,148,2019
TT,32,132,2017
TT,34,130,2016
TT,33,126,2015
TT,37,103,2014
TT,39,100,2013
TT,46,98,2012
TT,46,95,2011
TT,45,92,2010
TT,39,0,2009
TT,39,83,2008
TT,37,0,2007
TT,36,66,2006
TT,30,150,2022
TT,31,151,2023
TT,29,151,2024
TT,28,147,2025
TN,78,71,2021
TN,71,71,2020
TN,75,66,2018
TN,73,63,2017
TN,72,65,2016
TN,77,63,2015
TN,66,64,2014
TN,65,63,2013
TN,71,62,2012
TN,69,63,2011
TN,67,62,2010
TN,58,0,2009
TN,58,55,2008
TN,58,0,2007
TN,59,38,2006
TN,75,68,2019
TN,72,71,2022
TN,76,70,2023
TN,71,71,2024
TN,69,67,2025
TR,57,110,2021
TR,51,111,2018
TR,51,111,2020
TR,52,112,2019
TR,52,105,2017
TR,51,102,2016
TR,50,102,2015
TR,38,100,2014
TR,42,94,2013
TR,48,95,2012
TR,48,91,2011
TR,46,89,2010
TR,42,0,2009
TR,42,75,2008
TR,44,0,2007
TR,46,52,2006
TR,50,110,2022
TR,52,110,2023
TR,52,118,2024
TR,43,114,2025
TM,96,52,2021
TM,87,53,2020
TM,88,53,2018
TM,87,49,2017
TM,88,49,2016
TM,92,47,2015
TM,79,49,2014
TM,80,46,2013
TM,87,46,2012
TM,84,46,2011
TM,86,41,2010
TM,74,0,2009
TM,74,38,2008
TM,75,0,2007
TM,77,19,2006
TM,90,51,2019
TM,91,52,2022
TM,90,53,2023
TM,89,52,2024
TM,84,49,2025
TV,45,127,2021
TV,42,127,2018
TV,42,127,2020
TV,42,127,2019
TV,48,110,2017
TV,57,82,2016
TV,59,83,2015
TV,48,85,2014
TV,48,81,2013
TV,59,77,2012
TV,57,76,2011
TV,54,75,2010
TV,45,0,2009
TV,45,70,2008
TV,46,0,2007
TV,48,50,2006
TV,41,127,2022
TV,43,128,2023
TV,44,128,2024
TV,39,127,2025
UG,81,67,2021
UG,73,67,2020
UG,77,64,2018
UG,75,61,2017
UG,77,60,2016
UG,79,61,2015
UG,66,64,2014
UG,65,63,2013
UG,71,62,2012
UG,72,59,2011
UG,70,59,2010
UG,60,0,2009
UG,60,53,2008
UG,59,0,2007
UG,58,39,2006
UG,76,66,2019
UG,76,67,2022
UG,78,67,2023
UG,73,69,2024
UG,69,67,2025
UA,38,136,2021
UA,41,128,2018
UA,41,129,2020
UA,43,126,2019
UA,58,82,2017
UA,58,81,2016
UA,63,79,2015
UA,53,79,2014
UA,52,77,2013
UA,60,76,2012
UA,63,69,2011
UA,65,64,2010
UA,62,0,2009
UA,62,50,2008
UA,63,0,2007
UA,64,32,2006
UA,35,141,2022
UA,36,144,2023
UA,32,148,2024
UA,28,147,2025
AE,16,174,2021
AE,21,161,2018
AE,18,170,2020
AE,15,172,2019
AE,38,121,2017
AE,38,122,2016
AE,42,113,2015
AE,55,77,2014
AE,56,72,2013
AE,64,70,2012
AE,65,67,2011
AE,65,64,2010
AE,61,0,2009
AE,61,52,2008
AE,61,0,2007
AE,62,35,2006
AE,15,175,2022
AE,15,178,2023
AE,11,183,2024
AE,8,184,2025
GB,7,185,2021
GB,5,186,2018
GB,7,185,2020
GB,6,184,2019
GB,4,173,2017
GB,3,175,2016
GB,1,173,2015
GB,1,174,2014
GB,1,173,2013
GB,3,167,2012
GB,3,171,2011
GB,1,166,2010
GB,6,0,2009
GB,6,152,2008
GB,4,0,2007
GB,3,128,2006
GB,6,186,2022
GB,6,187,2023
GB,4,191,2024
GB,6,186,2025
US,7,185,2021
US,5,186,2018
US,7,185,2020
US,6,184,2019
US,5,172,2017
US,4,174,2016
US,2,172,2015
US,1,174,2014
US,2,172,2013
US,4,166,2012
US,5,169,2011
US,7,159,2010
US,3,0,2009
US,3,155,2008
US,2,0,2007
US,1,130,2006
US,6,186,2022
US,7,186,2023
US,7,188,2024
US,10,182,2025
UY,28,153,2021
UY,24,154,2018
UY,28,153,2020
UY,25,153,2019
UY,28,138,2017
UY,29,137,2016
UY,27,134,2015
UY,23,133,2014
UY,23,132,2013
UY,32,125,2012
UY,31,127,2011
UY,34,118,2010
UY,24,0,2009
UY,24,118,2008
UY,22,0,2007
UY,20,99,2006
UY,27,153,2022
UY,29,153,2023
UY,26,156,2024
UY,22,157,2025
UZ,92,56,2021
UZ,83,57,2020
UZ,82,59,2018
UZ,83,53,2017
UZ,85,52,2016
UZ,87,52,2015
UZ,74,54,2014
UZ,74,52,2013
UZ,82,51,2012
UZ,82,49,2011
UZ,80,47,2010
UZ,71,0,2009
UZ,71,41,2008
UZ,71,0,2007
UZ,72,24,2006
UZ,85,56,2019
UZ,86,57,2022
UZ,85,59,2023
UZ,80,62,2024
UZ,72,62,2025
VU,39,135,2021
VU,40,129,2018
VU,40,130,2020
VU,40,130,2019
VU,45,113,2017
VU,46,110,2016
VU,48,106,2015
VU,51,82,2014
VU,50,79,2013
VU,59,77,2012
VU,58,75,2011
VU,55,74,2010
VU,47,0,2009
VU,47,68,2008
VU,49,0,2007
VU,51,47,2006
VU,36,135,2022
VU,56,98,2023
VU,58,94,2024
VU,52,90,2025
VE,44,129,2021
VE,36,138,2018
VE,41,129,2020
VE,38,132,2019
VE,34,129,2017
VE,32,132,2016
VE,30,129,2015
VE,25,131,2014
VE,27,128,2013
VE,34,123,2012
VE,33,124,2011
VE,36,115,2010
VE,28,0,2009
VE,28,111,2008
VE,26,0,2007
VE,25,92,2006
VE,40,129,2022
VE,42,129,2023
VE,46,126,2024
VE,42,119,2025
VN,95,53,2021
VN,86,54,2020
VN,90,51,2018
VN,90,45,2017
VN,90,47,2016
VN,94,45,2015
VN,81,47,2014
VN,81,45,2013
VN,89,44,2012
VN,88,42,2011
VN,84,43,2010
VN,79,0,2009
VN,79,33,2008
VN,78,0,2007
VN,78,18,2006
VN,90,51,2019
VN,89,54,2022
VN,88,55,2023
VN,87,55,2024
VN,83,50,2025
YE,112,33,2021
YE,102,33,2020
YE,103,37,2018
YE,98,35,2017
YE,97,38,2016
YE,100,39,2015
YE,85,43,2014
YE,83,43,2013
YE,92,41,2012
YE,91,39,2011
YE,88,38,2010
YE,82,0,2009
YE,82,30,2008
YE,80,0,2007
YE,78,18,2006
YE,103,33,2019
YE,107,33,2022
YE,105,34,2023
YE,100,35,2024
YE,95,32,2025
ZM,78,71,2021
ZM,71,71,2020
ZM,74,68,2018
ZM,73,63,2017
ZM,74,63,2016
ZM,76,65,2015
ZM,63,67,2014
ZM,62,66,2013
ZM,68,66,2012
ZM,69,63,2011
ZM,65,64,2010
ZM,56,0,2009
ZM,56,57,2008
ZM,54,0,2007
ZM,53,45,2006
ZM,73,70,2019
ZM,72,71,2022
ZM,75,71,2023
ZM,71,71,2024
ZM,69,67,2025
ZW,83,65,2021
ZW,75,65,2020
ZW,77,64,2018
ZW,77,59,2017
ZW,78,59,2016
ZW,82,58,2015
ZW,69,61,2014
ZW,67,60,2013
ZW,75,58,2012
ZW,75,56,2011
ZW,70,59,2010
ZW,61,0,2009
ZW,61,52,2008
ZW,58,0,2007
ZW,56,41,2006
ZW,78,64,2019
ZW,78,65,2022
ZW,79,66,2023
ZW,76,66,2024
ZW,71,63,2025
LI,14,178,2021
LI,12,178,2018
LI,14,178,2020
LI,12,177,2019
LI,12,165,2017
LI,12,164,2016
LI,12,161,2015
LI,11,161,2014
LI,10,159,2013
LI,12,155,2012
LI,12,158,2011
LI,14,147,2010
LI,13,0,2009
LI,13,140,2008
LI,11,0,2007
LI,10,116,2006
LI,13,178,2022
LI,15,178,2023
LI,12,182,2024
LI,11,181,2025
MC,16,174,2021
MC,14,174,2018
MC,15,174,2020
MC,14,173,2019
MC,15,160,2017
MC,16,160,2016
MC,19,151,2015
MC,17,150,2014
MC,17,148,2013
MC,19,147,2012
MC,18,150,2011
MC,21,138,2010
MC,17,0,2009
MC,17,131,2008
MC,16,0,2007
MC,15,108,2006
MC,16,174,2022
MC,18,174,2023
MC,14,178,2024
MC,13,177,2025
SM,21,169,2021
SM,19,168,2018
SM,19,168,2020
SM,19,167,2019
SM,19,155,2017
SM,18,156,2016
SM,17,153,2015
SM,16,151,2014
SM,16,149,2013
SM,21,143,2012
SM,20,148,2011
SM,23,135,2010
SM,15,0,2009
SM,15,134,2008
SM,14,0,2007
SM,14,109,2006
SM,20,169,2022
SM,21,169,2023
SM,18,172,2024
SM,16,170,2025
VA,28,153,2021
VA,29,148,2018
VA,27,154,2020
VA,29,148,2019
VA,31,134,2017
VA,30,134,2016
VA,31,128,2015
VA,25,131,2014
VA,25,130,2013
VA,33,124,2012
VA,32,125,2011
VA,39,112,2010
VA,36,0,2009
VA,33,0,2008
VA,27,153,2022
VA,28,154,2023
VA,25,157,2024
VA,24,154,2025
AD,22,168,2021
AD,19,168,2018
AD,20,167,2020
AD,19,155,2017
AD,22,152,2016
AD,21,149,2015
AD,19,148,2014
AD,18,147,2013
AD,23,140,2012
AD,22,143,2011
AD,27,131,2010
AD,20,0,2009
AD,20,127,2008
AD,20,166,2019
AD,20,0,2007
AD,20,99,2006
AD,21,168,2022
AD,22,168,2023
AD,18,172,2024
AD,15,171,2025
PS,110,37,2021
PS,101,38,2020
PS,102,39,2018
PS,97,36,2017
PS,98,37,2016
PS,105,34,2015
PS,91,35,2014
PS,90,36,2013
PS,100,32,2012
PS,97,33,2011
PS,97,0,2010
PS,97,0,2009
PS,97,0,2008
PS,102,37,2019
PS,105,37,2022
PS,103,38,2023
PS,98,40,2024
PS,93,39,2025
